boardID,disk,phi,channel,channel_type,bundle_tag,bundle_number
0,0,0,1,CAL,fiber_0_0_0_0,0
1,0,0,1,CAL,fiber_0_0_0_0,0
8,0,0,0,CAL,fiber_0_0_0_0,0
8,0,0,1,CAL,fiber_0_0_0_0,0
8,0,0,2,CAL,fiber_0_0_0_0,0
8,0,0,3,CAL,fiber_0_0_0_0,0
8,0,0,4,CAL,fiber_0_0_0_0,0
8,0,0,5,CAL,fiber_0_0_0_0,0
8,0,0,6,CAL,fiber_0_0_0_0,0
8,0,0,7,CAL,fiber_0_0_0_0,0
8,0,0,8,CAL,fiber_0_0_0_0,0
8,0,0,9,CAL,fiber_0_0_0_0,0
8,0,0,10,CAL,fiber_0_0_0_0,0
8,0,0,11,CAL,fiber_0_0_0_0,0
8,0,0,12,CAL,fiber_0_0_0_0,0
8,0,0,13,CAL,fiber_0_0_0_0,0
8,0,0,14,CAL,fiber_0_0_0_0,0
8,0,0,15,CAL,fiber_0_0_0_0,0
8,0,0,16,CAL,fiber_0_0_0_0,0
8,0,0,17,CAL,fiber_0_0_0_0,0
9,0,0,0,CAL,fiber_0_0_0_0,0
9,0,0,1,CAL,fiber_0_0_0_0,0
9,0,0,2,CAL,fiber_0_0_0_0,0
9,0,0,3,CAL,fiber_0_0_0_0,0
9,0,0,4,CAL,fiber_0_0_0_0,0
9,0,0,5,CAL,fiber_0_0_0_0,0
9,0,0,6,CAL,fiber_0_0_0_0,0
9,0,0,7,CAL,fiber_0_0_0_0,0
9,0,0,8,CAL,fiber_0_0_0_0,0
9,0,0,9,CAL,fiber_0_0_0_0,0
9,0,0,10,CAL,fiber_0_0_0_0,0
9,0,0,11,CAL,fiber_0_0_0_0,0
9,0,0,12,CAL,fiber_0_0_0_0,0
9,0,0,13,CAL,fiber_0_0_0_0,0
9,0,0,14,CAL,fiber_0_0_0_0,0
9,0,0,15,CAL,fiber_0_0_0_0,0
9,0,0,16,CAL,fiber_0_0_0_0,0
9,0,0,17,CAL,fiber_0_0_0_0,0
10,0,0,0,CAL,fiber_0_0_0_0,0
10,0,0,1,CAL,fiber_0_0_0_0,0
10,0,0,2,CAL,fiber_0_0_0_0,0
10,0,0,3,CAL,fiber_0_0_0_0,0
10,0,0,4,CAL,fiber_0_0_0_0,0
10,0,0,5,CAL,fiber_0_0_0_0,0
10,0,0,6,CAL,fiber_0_0_0_0,0
10,0,0,7,CAL,fiber_0_0_0_0,0
10,0,0,8,CAL,fiber_0_0_0_0,0
10,0,0,9,CAL,fiber_0_0_0_0,0
10,0,0,10,CAL,fiber_0_0_0_0,0
10,0,0,11,CAL,fiber_0_0_0_0,0
10,0,0,12,CAL,fiber_0_0_0_0,0
10,0,0,13,CAL,fiber_0_0_0_0,0
10,0,0,14,CAL,fiber_0_0_0_0,0
10,0,0,15,CAL,fiber_0_0_0_0,0
10,0,0,16,CAL,fiber_0_0_0_0,0
10,0,0,17,CAL,fiber_0_0_0_0,0
10,0,0,18,CAL,fiber_0_0_0_0,0
11,0,0,0,CAL,fiber_0_0_0_0,0
11,0,0,1,CAL,fiber_0_0_0_0,0
11,0,0,2,CAL,fiber_0_0_0_0,0
11,0,0,3,CAL,fiber_0_0_0_0,0
11,0,0,4,CAL,fiber_0_0_0_0,0
11,0,0,5,CAL,fiber_0_0_0_0,0
11,0,0,6,CAL,fiber_0_0_0_0,0
11,0,0,7,CAL,fiber_0_0_0_0,0
11,0,0,8,CAL,fiber_0_0_0_0,0
11,0,0,9,CAL,fiber_0_0_0_0,0
11,0,0,10,CAL,fiber_0_0_0_0,0
11,0,0,11,CAL,fiber_0_0_0_0,0
11,0,0,12,CAL,fiber_0_0_0_0,0
11,0,0,13,CAL,fiber_0_0_0_0,0
11,0,0,14,CAL,fiber_0_0_0_0,0
11,0,0,15,CAL,fiber_0_0_0_0,0
11,0,0,16,CAL,fiber_0_0_0_0,0
11,0,0,17,CAL,fiber_0_0_0_0,0
11,0,0,18,CAL,fiber_0_0_0_0,0
12,0,0,0,CAL,fiber_0_0_0_0,0
12,0,0,1,CAL,fiber_0_0_0_0,0
12,0,0,2,CAL,fiber_0_0_0_0,0
12,0,0,3,CAL,fiber_0_0_0_0,0
12,0,0,4,CAL,fiber_0_0_0_0,0
12,0,0,5,CAL,fiber_0_0_0_0,0
12,0,0,6,CAL,fiber_0_0_0_0,0
12,0,0,7,CAL,fiber_0_0_0_0,0
12,0,0,8,CAL,fiber_0_0_0_0,0
12,0,0,9,CAL,fiber_0_0_0_0,0
12,0,0,10,CAL,fiber_0_0_0_0,0
12,0,0,11,CAL,fiber_0_0_0_0,0
12,0,0,12,CAL,fiber_0_0_0_0,0
12,0,0,13,CAL,fiber_0_0_0_0,0
12,0,0,14,CAL,fiber_0_0_0_0,0
12,0,0,15,CAL,fiber_0_0_0_0,0
12,0,0,16,CAL,fiber_0_0_0_0,0
12,0,0,17,CAL,fiber_0_0_0_0,0
12,0,0,18,CAL,fiber_0_0_0_0,0
12,0,0,19,CAL,fiber_0_0_0_0,0
13,0,0,0,CAL,fiber_0_0_0_0,0
13,0,0,1,CAL,fiber_0_0_0_0,0
13,0,0,2,CAL,fiber_0_0_0_0,0
13,0,0,3,CAL,fiber_0_0_0_0,0
13,0,0,4,CAL,fiber_0_0_0_0,0
13,0,0,5,CAL,fiber_0_0_0_0,0
13,0,0,6,CAL,fiber_0_0_0_0,0
13,0,0,7,CAL,fiber_0_0_0_0,0
13,0,0,8,CAL,fiber_0_0_0_0,0
13,0,0,9,CAL,fiber_0_0_0_0,0
13,0,0,10,CAL,fiber_0_0_0_0,0
13,0,0,11,CAL,fiber_0_0_0_0,0
13,0,0,12,CAL,fiber_0_0_0_0,0
13,0,0,13,CAL,fiber_0_0_0_0,0
13,0,0,14,CAL,fiber_0_0_0_0,0
13,0,0,15,CAL,fiber_0_0_0_0,0
13,0,0,16,CAL,fiber_0_0_0_0,0
13,0,0,17,CAL,fiber_0_0_0_0,0
13,0,0,18,CAL,fiber_0_0_0_0,0
13,0,0,19,CAL,fiber_0_0_0_0,0
14,0,0,0,CAL,fiber_0_0_0_0,0
14,0,0,1,CAL,fiber_0_0_0_0,0
14,0,0,2,CAL,fiber_0_0_0_0,0
14,0,0,3,CAL,fiber_0_0_0_0,0
14,0,0,4,CAL,fiber_0_0_0_0,0
14,0,0,5,CAL,fiber_0_0_0_0,0
14,0,0,6,CAL,fiber_0_0_0_0,0
14,0,0,7,CAL,fiber_0_0_0_0,0
14,0,0,8,CAL,fiber_0_0_0_0,0
14,0,0,9,CAL,fiber_0_0_0_0,0
14,0,0,10,CAL,fiber_0_0_0_0,0
14,0,0,12,CAL,fiber_0_0_0_0,0
14,0,0,13,CAL,fiber_0_0_0_0,0
14,0,0,14,CAL,fiber_0_0_0_0,0
14,0,0,15,CAL,fiber_0_0_0_0,0
14,0,0,17,CAL,fiber_0_0_0_0,0
14,0,0,18,CAL,fiber_0_0_0_0,0
15,0,0,0,CAL,fiber_0_0_0_0,0
15,0,0,1,CAL,fiber_0_0_0_0,0
15,0,0,2,CAL,fiber_0_0_0_0,0
15,0,0,3,CAL,fiber_0_0_0_0,0
15,0,0,4,CAL,fiber_0_0_0_0,0
15,0,0,5,CAL,fiber_0_0_0_0,0
15,0,0,6,CAL,fiber_0_0_0_0,0
15,0,0,7,CAL,fiber_0_0_0_0,0
15,0,0,8,CAL,fiber_0_0_0_0,0
15,0,0,9,CAL,fiber_0_0_0_0,0
15,0,0,10,CAL,fiber_0_0_0_0,0
15,0,0,12,CAL,fiber_0_0_0_0,0
15,0,0,13,CAL,fiber_0_0_0_0,0
15,0,0,14,CAL,fiber_0_0_0_0,0
15,0,0,15,CAL,fiber_0_0_0_0,0
15,0,0,17,CAL,fiber_0_0_0_0,0
15,0,0,18,CAL,fiber_0_0_0_0,0
20,0,0,2,CAL,fiber_0_0_0_0,0
20,0,0,5,CAL,fiber_0_0_0_0,0
20,0,0,7,CAL,fiber_0_0_0_0,0
20,0,0,8,CAL,fiber_0_0_0_0,0
20,0,0,11,CAL,fiber_0_0_0_0,0
20,0,0,13,CAL,fiber_0_0_0_0,0
20,0,0,14,CAL,fiber_0_0_0_0,0
20,0,0,15,CAL,fiber_0_0_0_0,0
20,0,0,16,CAL,fiber_0_0_0_0,0
20,0,0,17,CAL,fiber_0_0_0_0,0
20,0,0,18,CAL,fiber_0_0_0_0,0
20,0,0,19,CAL,fiber_0_0_0_0,0
21,0,0,2,CAL,fiber_0_0_0_0,0
21,0,0,5,CAL,fiber_0_0_0_0,0
21,0,0,7,CAL,fiber_0_0_0_0,0
21,0,0,8,CAL,fiber_0_0_0_0,0
21,0,0,11,CAL,fiber_0_0_0_0,0
21,0,0,13,CAL,fiber_0_0_0_0,0
21,0,0,14,CAL,fiber_0_0_0_0,0
21,0,0,15,CAL,fiber_0_0_0_0,0
21,0,0,16,CAL,fiber_0_0_0_0,0
21,0,0,17,CAL,fiber_0_0_0_0,0
21,0,0,18,CAL,fiber_0_0_0_0,0
21,0,0,19,CAL,fiber_0_0_0_0,0
16,0,0,0,CAL,fiber_0_0_0_1,1
16,0,0,1,CAL,fiber_0_0_0_1,1
16,0,0,2,CAL,fiber_0_0_0_1,1
16,0,0,3,CAL,fiber_0_0_0_1,1
16,0,0,4,CAL,fiber_0_0_0_1,1
16,0,0,5,CAL,fiber_0_0_0_1,1
16,0,0,6,CAL,fiber_0_0_0_1,1
16,0,0,7,CAL,fiber_0_0_0_1,1
16,0,0,8,CAL,fiber_0_0_0_1,1
16,0,0,9,CAL,fiber_0_0_0_1,1
16,0,0,10,CAL,fiber_0_0_0_1,1
16,0,0,11,CAL,fiber_0_0_0_1,1
16,0,0,12,CAL,fiber_0_0_0_1,1
16,0,0,13,CAL,fiber_0_0_0_1,1
16,0,0,14,CAL,fiber_0_0_0_1,1
16,0,0,15,CAL,fiber_0_0_0_1,1
16,0,0,16,CAL,fiber_0_0_0_1,1
16,0,0,17,CAL,fiber_0_0_0_1,1
16,0,0,18,CAL,fiber_0_0_0_1,1
16,0,0,19,CAL,fiber_0_0_0_1,1
17,0,0,0,CAL,fiber_0_0_0_1,1
17,0,0,1,CAL,fiber_0_0_0_1,1
17,0,0,2,CAL,fiber_0_0_0_1,1
17,0,0,3,CAL,fiber_0_0_0_1,1
17,0,0,4,CAL,fiber_0_0_0_1,1
17,0,0,5,CAL,fiber_0_0_0_1,1
17,0,0,6,CAL,fiber_0_0_0_1,1
17,0,0,7,CAL,fiber_0_0_0_1,1
17,0,0,8,CAL,fiber_0_0_0_1,1
17,0,0,9,CAL,fiber_0_0_0_1,1
17,0,0,10,CAL,fiber_0_0_0_1,1
17,0,0,11,CAL,fiber_0_0_0_1,1
17,0,0,12,CAL,fiber_0_0_0_1,1
17,0,0,13,CAL,fiber_0_0_0_1,1
17,0,0,14,CAL,fiber_0_0_0_1,1
17,0,0,15,CAL,fiber_0_0_0_1,1
17,0,0,16,CAL,fiber_0_0_0_1,1
17,0,0,17,CAL,fiber_0_0_0_1,1
17,0,0,18,CAL,fiber_0_0_0_1,1
17,0,0,19,CAL,fiber_0_0_0_1,1
18,0,0,0,CAL,fiber_0_0_0_1,1
18,0,0,1,CAL,fiber_0_0_0_1,1
18,0,0,2,CAL,fiber_0_0_0_1,1
18,0,0,3,CAL,fiber_0_0_0_1,1
18,0,0,4,CAL,fiber_0_0_0_1,1
18,0,0,5,CAL,fiber_0_0_0_1,1
18,0,0,6,CAL,fiber_0_0_0_1,1
18,0,0,7,CAL,fiber_0_0_0_1,1
18,0,0,8,CAL,fiber_0_0_0_1,1
18,0,0,9,CAL,fiber_0_0_0_1,1
18,0,0,10,CAL,fiber_0_0_0_1,1
18,0,0,11,CAL,fiber_0_0_0_1,1
18,0,0,12,CAL,fiber_0_0_0_1,1
18,0,0,13,CAL,fiber_0_0_0_1,1
18,0,0,14,CAL,fiber_0_0_0_1,1
18,0,0,15,CAL,fiber_0_0_0_1,1
18,0,0,16,CAL,fiber_0_0_0_1,1
18,0,0,17,CAL,fiber_0_0_0_1,1
18,0,0,18,CAL,fiber_0_0_0_1,1
18,0,0,19,CAL,fiber_0_0_0_1,1
19,0,0,0,CAL,fiber_0_0_0_1,1
19,0,0,1,CAL,fiber_0_0_0_1,1
19,0,0,2,CAL,fiber_0_0_0_1,1
19,0,0,3,CAL,fiber_0_0_0_1,1
19,0,0,4,CAL,fiber_0_0_0_1,1
19,0,0,5,CAL,fiber_0_0_0_1,1
19,0,0,6,CAL,fiber_0_0_0_1,1
19,0,0,7,CAL,fiber_0_0_0_1,1
19,0,0,8,CAL,fiber_0_0_0_1,1
19,0,0,9,CAL,fiber_0_0_0_1,1
19,0,0,10,CAL,fiber_0_0_0_1,1
19,0,0,11,CAL,fiber_0_0_0_1,1
19,0,0,12,CAL,fiber_0_0_0_1,1
19,0,0,13,CAL,fiber_0_0_0_1,1
19,0,0,14,CAL,fiber_0_0_0_1,1
19,0,0,15,CAL,fiber_0_0_0_1,1
19,0,0,16,CAL,fiber_0_0_0_1,1
19,0,0,17,CAL,fiber_0_0_0_1,1
19,0,0,18,CAL,fiber_0_0_0_1,1
19,0,0,19,CAL,fiber_0_0_0_1,1
20,0,0,0,CAL,fiber_0_0_0_1,1
20,0,0,1,CAL,fiber_0_0_0_1,1
20,0,0,3,CAL,fiber_0_0_0_1,1
20,0,0,4,CAL,fiber_0_0_0_1,1
20,0,0,6,CAL,fiber_0_0_0_1,1
20,0,0,9,CAL,fiber_0_0_0_1,1
20,0,0,10,CAL,fiber_0_0_0_1,1
20,0,0,12,CAL,fiber_0_0_0_1,1
21,0,0,0,CAL,fiber_0_0_0_1,1
21,0,0,1,CAL,fiber_0_0_0_1,1
21,0,0,3,CAL,fiber_0_0_0_1,1
21,0,0,4,CAL,fiber_0_0_0_1,1
21,0,0,6,CAL,fiber_0_0_0_1,1
21,0,0,9,CAL,fiber_0_0_0_1,1
21,0,0,10,CAL,fiber_0_0_0_1,1
21,0,0,12,CAL,fiber_0_0_0_1,1
24,0,0,0,CAL,fiber_0_0_0_1,1
24,0,0,1,CAL,fiber_0_0_0_1,1
24,0,0,2,CAL,fiber_0_0_0_1,1
24,0,0,3,CAL,fiber_0_0_0_1,1
24,0,0,11,CAL,fiber_0_0_0_1,1
25,0,0,0,CAL,fiber_0_0_0_1,1
25,0,0,1,CAL,fiber_0_0_0_1,1
25,0,0,2,CAL,fiber_0_0_0_1,1
25,0,0,3,CAL,fiber_0_0_0_1,1
25,0,0,11,CAL,fiber_0_0_0_1,1
26,0,0,0,CAL,fiber_0_0_0_1,1
26,0,0,1,CAL,fiber_0_0_0_1,1
26,0,0,2,CAL,fiber_0_0_0_1,1
26,0,0,3,CAL,fiber_0_0_0_1,1
26,0,0,4,CAL,fiber_0_0_0_1,1
26,0,0,5,CAL,fiber_0_0_0_1,1
26,0,0,6,CAL,fiber_0_0_0_1,1
26,0,0,7,CAL,fiber_0_0_0_1,1
26,0,0,8,CAL,fiber_0_0_0_1,1
26,0,0,9,CAL,fiber_0_0_0_1,1
26,0,0,10,CAL,fiber_0_0_0_1,1
26,0,0,11,CAL,fiber_0_0_0_1,1
26,0,0,12,CAL,fiber_0_0_0_1,1
26,0,0,13,CAL,fiber_0_0_0_1,1
26,0,0,14,CAL,fiber_0_0_0_1,1
26,0,0,15,CAL,fiber_0_0_0_1,1
26,0,0,16,CAL,fiber_0_0_0_1,1
26,0,0,17,CAL,fiber_0_0_0_1,1
26,0,0,18,CAL,fiber_0_0_0_1,1
27,0,0,0,CAL,fiber_0_0_0_1,1
27,0,0,1,CAL,fiber_0_0_0_1,1
27,0,0,2,CAL,fiber_0_0_0_1,1
27,0,0,3,CAL,fiber_0_0_0_1,1
27,0,0,4,CAL,fiber_0_0_0_1,1
27,0,0,5,CAL,fiber_0_0_0_1,1
27,0,0,6,CAL,fiber_0_0_0_1,1
27,0,0,7,CAL,fiber_0_0_0_1,1
27,0,0,8,CAL,fiber_0_0_0_1,1
27,0,0,9,CAL,fiber_0_0_0_1,1
27,0,0,10,CAL,fiber_0_0_0_1,1
27,0,0,11,CAL,fiber_0_0_0_1,1
27,0,0,12,CAL,fiber_0_0_0_1,1
27,0,0,13,CAL,fiber_0_0_0_1,1
27,0,0,14,CAL,fiber_0_0_0_1,1
27,0,0,15,CAL,fiber_0_0_0_1,1
27,0,0,16,CAL,fiber_0_0_0_1,1
27,0,0,17,CAL,fiber_0_0_0_1,1
27,0,0,18,CAL,fiber_0_0_0_1,1
28,0,0,0,CAL,fiber_0_0_0_1,1
28,0,0,1,CAL,fiber_0_0_0_1,1
28,0,0,2,CAL,fiber_0_0_0_1,1
28,0,0,3,CAL,fiber_0_0_0_1,1
28,0,0,4,CAL,fiber_0_0_0_1,1
28,0,0,5,CAL,fiber_0_0_0_1,1
28,0,0,6,CAL,fiber_0_0_0_1,1
28,0,0,7,CAL,fiber_0_0_0_1,1
28,0,0,8,CAL,fiber_0_0_0_1,1
28,0,0,9,CAL,fiber_0_0_0_1,1
28,0,0,10,CAL,fiber_0_0_0_1,1
28,0,0,11,CAL,fiber_0_0_0_1,1
28,0,0,12,CAL,fiber_0_0_0_1,1
28,0,0,13,CAL,fiber_0_0_0_1,1
28,0,0,14,CAL,fiber_0_0_0_1,1
28,0,0,15,CAL,fiber_0_0_0_1,1
28,0,0,16,CAL,fiber_0_0_0_1,1
28,0,0,17,CAL,fiber_0_0_0_1,1
28,0,0,18,CAL,fiber_0_0_0_1,1
28,0,0,19,CAL,fiber_0_0_0_1,1
29,0,0,0,CAL,fiber_0_0_0_1,1
29,0,0,1,CAL,fiber_0_0_0_1,1
29,0,0,2,CAL,fiber_0_0_0_1,1
29,0,0,3,CAL,fiber_0_0_0_1,1
29,0,0,4,CAL,fiber_0_0_0_1,1
29,0,0,5,CAL,fiber_0_0_0_1,1
29,0,0,6,CAL,fiber_0_0_0_1,1
29,0,0,7,CAL,fiber_0_0_0_1,1
29,0,0,8,CAL,fiber_0_0_0_1,1
29,0,0,9,CAL,fiber_0_0_0_1,1
29,0,0,10,CAL,fiber_0_0_0_1,1
29,0,0,11,CAL,fiber_0_0_0_1,1
29,0,0,12,CAL,fiber_0_0_0_1,1
29,0,0,13,CAL,fiber_0_0_0_1,1
29,0,0,14,CAL,fiber_0_0_0_1,1
29,0,0,15,CAL,fiber_0_0_0_1,1
29,0,0,16,CAL,fiber_0_0_0_1,1
29,0,0,17,CAL,fiber_0_0_0_1,1
29,0,0,18,CAL,fiber_0_0_0_1,1
29,0,0,19,CAL,fiber_0_0_0_1,1
0,0,0,0,CAL,fiber_0_0_1_0,2
0,0,0,2,CAL,fiber_0_0_1_0,2
0,0,0,3,CAL,fiber_0_0_1_0,2
0,0,0,4,CAL,fiber_0_0_1_0,2
0,0,0,5,CAL,fiber_0_0_1_0,2
0,0,0,6,CAL,fiber_0_0_1_0,2
0,0,0,7,CAL,fiber_0_0_1_0,2
0,0,0,8,CAL,fiber_0_0_1_0,2
0,0,0,9,CAL,fiber_0_0_1_0,2
0,0,0,10,CAL,fiber_0_0_1_0,2
0,0,0,11,CAL,fiber_0_0_1_0,2
0,0,0,12,CAL,fiber_0_0_1_0,2
0,0,0,13,CAL,fiber_0_0_1_0,2
0,0,0,14,CAL,fiber_0_0_1_0,2
0,0,0,16,CAL,fiber_0_0_1_0,2
0,0,0,17,CAL,fiber_0_0_1_0,2
0,0,0,18,CAL,fiber_0_0_1_0,2
0,0,0,19,CAL,fiber_0_0_1_0,2
1,0,0,0,CAL,fiber_0_0_1_0,2
1,0,0,2,CAL,fiber_0_0_1_0,2
1,0,0,3,CAL,fiber_0_0_1_0,2
1,0,0,4,CAL,fiber_0_0_1_0,2
1,0,0,5,CAL,fiber_0_0_1_0,2
1,0,0,6,CAL,fiber_0_0_1_0,2
1,0,0,7,CAL,fiber_0_0_1_0,2
1,0,0,8,CAL,fiber_0_0_1_0,2
1,0,0,9,CAL,fiber_0_0_1_0,2
1,0,0,10,CAL,fiber_0_0_1_0,2
1,0,0,11,CAL,fiber_0_0_1_0,2
1,0,0,12,CAL,fiber_0_0_1_0,2
1,0,0,13,CAL,fiber_0_0_1_0,2
1,0,0,14,CAL,fiber_0_0_1_0,2
1,0,0,16,CAL,fiber_0_0_1_0,2
1,0,0,17,CAL,fiber_0_0_1_0,2
1,0,0,18,CAL,fiber_0_0_1_0,2
1,0,0,19,CAL,fiber_0_0_1_0,2
2,0,0,0,CAL,fiber_0_0_1_0,2
2,0,0,1,CAL,fiber_0_0_1_0,2
2,0,0,2,CAL,fiber_0_0_1_0,2
2,0,0,3,CAL,fiber_0_0_1_0,2
2,0,0,4,CAL,fiber_0_0_1_0,2
2,0,0,5,CAL,fiber_0_0_1_0,2
2,0,0,6,CAL,fiber_0_0_1_0,2
2,0,0,7,CAL,fiber_0_0_1_0,2
2,0,0,8,CAL,fiber_0_0_1_0,2
2,0,0,9,CAL,fiber_0_0_1_0,2
2,0,0,10,CAL,fiber_0_0_1_0,2
2,0,0,11,CAL,fiber_0_0_1_0,2
2,0,0,12,CAL,fiber_0_0_1_0,2
2,0,0,13,CAL,fiber_0_0_1_0,2
2,0,0,14,CAL,fiber_0_0_1_0,2
2,0,0,15,CAL,fiber_0_0_1_0,2
2,0,0,16,CAL,fiber_0_0_1_0,2
2,0,0,17,CAL,fiber_0_0_1_0,2
2,0,0,18,CAL,fiber_0_0_1_0,2
2,0,0,19,CAL,fiber_0_0_1_0,2
3,0,0,0,CAL,fiber_0_0_1_0,2
3,0,0,1,CAL,fiber_0_0_1_0,2
3,0,0,2,CAL,fiber_0_0_1_0,2
3,0,0,3,CAL,fiber_0_0_1_0,2
3,0,0,4,CAL,fiber_0_0_1_0,2
3,0,0,5,CAL,fiber_0_0_1_0,2
3,0,0,6,CAL,fiber_0_0_1_0,2
3,0,0,7,CAL,fiber_0_0_1_0,2
3,0,0,8,CAL,fiber_0_0_1_0,2
3,0,0,9,CAL,fiber_0_0_1_0,2
3,0,0,10,CAL,fiber_0_0_1_0,2
3,0,0,11,CAL,fiber_0_0_1_0,2
3,0,0,12,CAL,fiber_0_0_1_0,2
3,0,0,13,CAL,fiber_0_0_1_0,2
3,0,0,14,CAL,fiber_0_0_1_0,2
3,0,0,15,CAL,fiber_0_0_1_0,2
3,0,0,16,CAL,fiber_0_0_1_0,2
3,0,0,17,CAL,fiber_0_0_1_0,2
3,0,0,18,CAL,fiber_0_0_1_0,2
3,0,0,19,CAL,fiber_0_0_1_0,2
4,0,0,0,CAL,fiber_0_0_1_0,2
4,0,0,1,CAL,fiber_0_0_1_0,2
4,0,0,2,CAL,fiber_0_0_1_0,2
4,0,0,3,CAL,fiber_0_0_1_0,2
4,0,0,4,CAL,fiber_0_0_1_0,2
4,0,0,5,CAL,fiber_0_0_1_0,2
4,0,0,6,CAL,fiber_0_0_1_0,2
4,0,0,7,CAL,fiber_0_0_1_0,2
4,0,0,8,CAL,fiber_0_0_1_0,2
4,0,0,9,CAL,fiber_0_0_1_0,2
4,0,0,10,CAL,fiber_0_0_1_0,2
4,0,0,11,CAL,fiber_0_0_1_0,2
4,0,0,12,CAL,fiber_0_0_1_0,2
4,0,0,13,CAL,fiber_0_0_1_0,2
4,0,0,14,CAL,fiber_0_0_1_0,2
4,0,0,15,CAL,fiber_0_0_1_0,2
4,0,0,16,CAL,fiber_0_0_1_0,2
4,0,0,17,CAL,fiber_0_0_1_0,2
4,0,0,18,CAL,fiber_0_0_1_0,2
4,0,0,19,CAL,fiber_0_0_1_0,2
5,0,0,0,CAL,fiber_0_0_1_0,2
5,0,0,1,CAL,fiber_0_0_1_0,2
5,0,0,2,CAL,fiber_0_0_1_0,2
5,0,0,3,CAL,fiber_0_0_1_0,2
5,0,0,4,CAL,fiber_0_0_1_0,2
5,0,0,5,CAL,fiber_0_0_1_0,2
5,0,0,6,CAL,fiber_0_0_1_0,2
5,0,0,7,CAL,fiber_0_0_1_0,2
5,0,0,8,CAL,fiber_0_0_1_0,2
5,0,0,9,CAL,fiber_0_0_1_0,2
5,0,0,10,CAL,fiber_0_0_1_0,2
5,0,0,11,CAL,fiber_0_0_1_0,2
5,0,0,12,CAL,fiber_0_0_1_0,2
5,0,0,13,CAL,fiber_0_0_1_0,2
5,0,0,14,CAL,fiber_0_0_1_0,2
5,0,0,15,CAL,fiber_0_0_1_0,2
5,0,0,16,CAL,fiber_0_0_1_0,2
5,0,0,17,CAL,fiber_0_0_1_0,2
5,0,0,18,CAL,fiber_0_0_1_0,2
5,0,0,19,CAL,fiber_0_0_1_0,2
6,0,0,0,CAL,fiber_0_0_1_0,2
6,0,0,1,CAL,fiber_0_0_1_0,2
6,0,0,2,CAL,fiber_0_0_1_0,2
6,0,0,3,CAL,fiber_0_0_1_0,2
6,0,0,4,CAL,fiber_0_0_1_0,2
6,0,0,5,CAL,fiber_0_0_1_0,2
6,0,0,6,CAL,fiber_0_0_1_0,2
6,0,0,7,CAL,fiber_0_0_1_0,2
6,0,0,8,CAL,fiber_0_0_1_0,2
6,0,0,9,CAL,fiber_0_0_1_0,2
6,0,0,10,CAL,fiber_0_0_1_0,2
6,0,0,11,CAL,fiber_0_0_1_0,2
6,0,0,12,CAL,fiber_0_0_1_0,2
6,0,0,13,CAL,fiber_0_0_1_0,2
6,0,0,14,CAL,fiber_0_0_1_0,2
6,0,0,15,CAL,fiber_0_0_1_0,2
6,0,0,16,CAL,fiber_0_0_1_0,2
6,0,0,17,CAL,fiber_0_0_1_0,2
6,0,0,18,CAL,fiber_0_0_1_0,2
6,0,0,19,CAL,fiber_0_0_1_0,2
7,0,0,0,CAL,fiber_0_0_1_0,2
7,0,0,1,CAL,fiber_0_0_1_0,2
7,0,0,2,CAL,fiber_0_0_1_0,2
7,0,0,3,CAL,fiber_0_0_1_0,2
7,0,0,4,CAL,fiber_0_0_1_0,2
7,0,0,5,CAL,fiber_0_0_1_0,2
7,0,0,6,CAL,fiber_0_0_1_0,2
7,0,0,7,CAL,fiber_0_0_1_0,2
7,0,0,8,CAL,fiber_0_0_1_0,2
7,0,0,9,CAL,fiber_0_0_1_0,2
7,0,0,10,CAL,fiber_0_0_1_0,2
7,0,0,11,CAL,fiber_0_0_1_0,2
7,0,0,12,CAL,fiber_0_0_1_0,2
7,0,0,13,CAL,fiber_0_0_1_0,2
7,0,0,14,CAL,fiber_0_0_1_0,2
7,0,0,15,CAL,fiber_0_0_1_0,2
7,0,0,16,CAL,fiber_0_0_1_0,2
7,0,0,17,CAL,fiber_0_0_1_0,2
7,0,0,18,CAL,fiber_0_0_1_0,2
7,0,0,19,CAL,fiber_0_0_1_0,2
14,0,0,11,CAL,fiber_0_0_1_0,2
14,0,0,16,CAL,fiber_0_0_1_0,2
14,0,0,19,CAL,fiber_0_0_1_0,2
15,0,0,11,CAL,fiber_0_0_1_0,2
15,0,0,16,CAL,fiber_0_0_1_0,2
15,0,0,19,CAL,fiber_0_0_1_0,2
24,0,0,4,CAL,fiber_0_0_1_1,3
24,0,0,5,CAL,fiber_0_0_1_1,3
24,0,0,6,CAL,fiber_0_0_1_1,3
24,0,0,7,CAL,fiber_0_0_1_1,3
24,0,0,8,CAL,fiber_0_0_1_1,3
24,0,0,9,CAL,fiber_0_0_1_1,3
24,0,0,10,CAL,fiber_0_0_1_1,3
24,0,0,12,CAL,fiber_0_0_1_1,3
24,0,0,13,CAL,fiber_0_0_1_1,3
24,0,0,14,CAL,fiber_0_0_1_1,3
24,0,0,15,CAL,fiber_0_0_1_1,3
24,0,0,16,CAL,fiber_0_0_1_1,3
24,0,0,17,CAL,fiber_0_0_1_1,3
24,0,0,19,CAL,fiber_0_0_1_1,3
25,0,0,4,CAL,fiber_0_0_1_1,3
25,0,0,5,CAL,fiber_0_0_1_1,3
25,0,0,6,CAL,fiber_0_0_1_1,3
25,0,0,7,CAL,fiber_0_0_1_1,3
25,0,0,8,CAL,fiber_0_0_1_1,3
25,0,0,9,CAL,fiber_0_0_1_1,3
25,0,0,10,CAL,fiber_0_0_1_1,3
25,0,0,12,CAL,fiber_0_0_1_1,3
25,0,0,13,CAL,fiber_0_0_1_1,3
25,0,0,14,CAL,fiber_0_0_1_1,3
25,0,0,15,CAL,fiber_0_0_1_1,3
25,0,0,16,CAL,fiber_0_0_1_1,3
25,0,0,17,CAL,fiber_0_0_1_1,3
25,0,0,19,CAL,fiber_0_0_1_1,3
26,0,0,19,CAL,fiber_0_0_1_1,3
27,0,0,19,CAL,fiber_0_0_1_1,3
32,0,0,0,CAL,fiber_0_0_1_1,3
32,0,0,1,CAL,fiber_0_0_1_1,3
32,0,0,2,CAL,fiber_0_0_1_1,3
32,0,0,3,CAL,fiber_0_0_1_1,3
32,0,0,4,CAL,fiber_0_0_1_1,3
32,0,0,5,CAL,fiber_0_0_1_1,3
32,0,0,6,CAL,fiber_0_0_1_1,3
32,0,0,7,CAL,fiber_0_0_1_1,3
32,0,0,8,CAL,fiber_0_0_1_1,3
32,0,0,9,CAL,fiber_0_0_1_1,3
32,0,0,10,CAL,fiber_0_0_1_1,3
32,0,0,11,CAL,fiber_0_0_1_1,3
32,0,0,12,CAL,fiber_0_0_1_1,3
32,0,0,13,CAL,fiber_0_0_1_1,3
32,0,0,14,CAL,fiber_0_0_1_1,3
32,0,0,15,CAL,fiber_0_0_1_1,3
32,0,0,16,CAL,fiber_0_0_1_1,3
32,0,0,17,CAL,fiber_0_0_1_1,3
32,0,0,18,CAL,fiber_0_0_1_1,3
32,0,0,19,CAL,fiber_0_0_1_1,3
33,0,0,0,CAL,fiber_0_0_1_1,3
33,0,0,1,CAL,fiber_0_0_1_1,3
33,0,0,2,CAL,fiber_0_0_1_1,3
33,0,0,3,CAL,fiber_0_0_1_1,3
33,0,0,4,CAL,fiber_0_0_1_1,3
33,0,0,5,CAL,fiber_0_0_1_1,3
33,0,0,6,CAL,fiber_0_0_1_1,3
33,0,0,7,CAL,fiber_0_0_1_1,3
33,0,0,8,CAL,fiber_0_0_1_1,3
33,0,0,9,CAL,fiber_0_0_1_1,3
33,0,0,10,CAL,fiber_0_0_1_1,3
33,0,0,11,CAL,fiber_0_0_1_1,3
33,0,0,12,CAL,fiber_0_0_1_1,3
33,0,0,13,CAL,fiber_0_0_1_1,3
33,0,0,14,CAL,fiber_0_0_1_1,3
33,0,0,15,CAL,fiber_0_0_1_1,3
33,0,0,16,CAL,fiber_0_0_1_1,3
33,0,0,17,CAL,fiber_0_0_1_1,3
33,0,0,18,CAL,fiber_0_0_1_1,3
33,0,0,19,CAL,fiber_0_0_1_1,3
34,0,0,0,CAL,fiber_0_0_1_1,3
34,0,0,1,CAL,fiber_0_0_1_1,3
34,0,0,2,CAL,fiber_0_0_1_1,3
34,0,0,3,CAL,fiber_0_0_1_1,3
34,0,0,4,CAL,fiber_0_0_1_1,3
34,0,0,5,CAL,fiber_0_0_1_1,3
34,0,0,6,CAL,fiber_0_0_1_1,3
34,0,0,7,CAL,fiber_0_0_1_1,3
34,0,0,8,CAL,fiber_0_0_1_1,3
34,0,0,9,CAL,fiber_0_0_1_1,3
34,0,0,10,CAL,fiber_0_0_1_1,3
34,0,0,11,CAL,fiber_0_0_1_1,3
34,0,0,12,CAL,fiber_0_0_1_1,3
34,0,0,13,CAL,fiber_0_0_1_1,3
34,0,0,14,CAL,fiber_0_0_1_1,3
34,0,0,15,CAL,fiber_0_0_1_1,3
34,0,0,16,CAL,fiber_0_0_1_1,3
34,0,0,17,CAL,fiber_0_0_1_1,3
34,0,0,18,CAL,fiber_0_0_1_1,3
34,0,0,19,CAL,fiber_0_0_1_1,3
35,0,0,0,CAL,fiber_0_0_1_1,3
35,0,0,1,CAL,fiber_0_0_1_1,3
35,0,0,2,CAL,fiber_0_0_1_1,3
35,0,0,3,CAL,fiber_0_0_1_1,3
35,0,0,4,CAL,fiber_0_0_1_1,3
35,0,0,5,CAL,fiber_0_0_1_1,3
35,0,0,6,CAL,fiber_0_0_1_1,3
35,0,0,7,CAL,fiber_0_0_1_1,3
35,0,0,8,CAL,fiber_0_0_1_1,3
35,0,0,9,CAL,fiber_0_0_1_1,3
35,0,0,10,CAL,fiber_0_0_1_1,3
35,0,0,11,CAL,fiber_0_0_1_1,3
35,0,0,12,CAL,fiber_0_0_1_1,3
35,0,0,13,CAL,fiber_0_0_1_1,3
35,0,0,14,CAL,fiber_0_0_1_1,3
35,0,0,15,CAL,fiber_0_0_1_1,3
35,0,0,16,CAL,fiber_0_0_1_1,3
35,0,0,17,CAL,fiber_0_0_1_1,3
35,0,0,18,CAL,fiber_0_0_1_1,3
35,0,0,19,CAL,fiber_0_0_1_1,3
36,0,0,0,CAL,fiber_0_0_1_1,3
36,0,0,1,CAL,fiber_0_0_1_1,3
36,0,0,2,CAL,fiber_0_0_1_1,3
36,0,0,3,CAL,fiber_0_0_1_1,3
36,0,0,4,CAL,fiber_0_0_1_1,3
36,0,0,5,CAL,fiber_0_0_1_1,3
36,0,0,6,CAL,fiber_0_0_1_1,3
36,0,0,7,CAL,fiber_0_0_1_1,3
36,0,0,8,CAL,fiber_0_0_1_1,3
36,0,0,9,CAL,fiber_0_0_1_1,3
36,0,0,10,CAL,fiber_0_0_1_1,3
36,0,0,11,CAL,fiber_0_0_1_1,3
36,0,0,12,CAL,fiber_0_0_1_1,3
36,0,0,13,CAL,fiber_0_0_1_1,3
36,0,0,14,CAL,fiber_0_0_1_1,3
36,0,0,15,CAL,fiber_0_0_1_1,3
36,0,0,16,CAL,fiber_0_0_1_1,3
36,0,0,17,CAL,fiber_0_0_1_1,3
36,0,0,18,CAL,fiber_0_0_1_1,3
36,0,0,19,CAL,fiber_0_0_1_1,3
37,0,0,0,CAL,fiber_0_0_1_1,3
37,0,0,1,CAL,fiber_0_0_1_1,3
37,0,0,2,CAL,fiber_0_0_1_1,3
37,0,0,3,CAL,fiber_0_0_1_1,3
37,0,0,4,CAL,fiber_0_0_1_1,3
37,0,0,5,CAL,fiber_0_0_1_1,3
37,0,0,6,CAL,fiber_0_0_1_1,3
37,0,0,7,CAL,fiber_0_0_1_1,3
37,0,0,8,CAL,fiber_0_0_1_1,3
37,0,0,9,CAL,fiber_0_0_1_1,3
37,0,0,10,CAL,fiber_0_0_1_1,3
37,0,0,11,CAL,fiber_0_0_1_1,3
37,0,0,12,CAL,fiber_0_0_1_1,3
37,0,0,13,CAL,fiber_0_0_1_1,3
37,0,0,14,CAL,fiber_0_0_1_1,3
37,0,0,15,CAL,fiber_0_0_1_1,3
37,0,0,16,CAL,fiber_0_0_1_1,3
37,0,0,17,CAL,fiber_0_0_1_1,3
37,0,0,18,CAL,fiber_0_0_1_1,3
37,0,0,19,CAL,fiber_0_0_1_1,3
72,0,1,0,CAL,fiber_0_0_1_1,3
72,0,1,1,CAL,fiber_0_0_1_1,3
72,0,1,3,CAL,fiber_0_0_1_1,3
73,0,1,0,CAL,fiber_0_0_1_1,3
73,0,1,1,CAL,fiber_0_0_1_1,3
73,0,1,3,CAL,fiber_0_0_1_1,3
40,0,1,7,CAL,fiber_0_1_0_0,4
40,0,1,11,CAL,fiber_0_1_0_0,4
40,0,1,19,CAL,fiber_0_1_0_0,4
41,0,1,7,CAL,fiber_0_1_0_0,4
41,0,1,11,CAL,fiber_0_1_0_0,4
41,0,1,19,CAL,fiber_0_1_0_0,4
48,0,1,1,CAL,fiber_0_1_0_0,4
48,0,1,2,CAL,fiber_0_1_0_0,4
48,0,1,3,CAL,fiber_0_1_0_0,4
48,0,1,4,CAL,fiber_0_1_0_0,4
48,0,1,5,CAL,fiber_0_1_0_0,4
48,0,1,6,CAL,fiber_0_1_0_0,4
48,0,1,7,CAL,fiber_0_1_0_0,4
48,0,1,8,CAL,fiber_0_1_0_0,4
48,0,1,9,CAL,fiber_0_1_0_0,4
48,0,1,10,CAL,fiber_0_1_0_0,4
48,0,1,11,CAL,fiber_0_1_0_0,4
48,0,1,12,CAL,fiber_0_1_0_0,4
48,0,1,13,CAL,fiber_0_1_0_0,4
48,0,1,14,CAL,fiber_0_1_0_0,4
48,0,1,15,CAL,fiber_0_1_0_0,4
48,0,1,16,CAL,fiber_0_1_0_0,4
48,0,1,17,CAL,fiber_0_1_0_0,4
48,0,1,18,CAL,fiber_0_1_0_0,4
49,0,1,1,CAL,fiber_0_1_0_0,4
49,0,1,2,CAL,fiber_0_1_0_0,4
49,0,1,3,CAL,fiber_0_1_0_0,4
49,0,1,4,CAL,fiber_0_1_0_0,4
49,0,1,5,CAL,fiber_0_1_0_0,4
49,0,1,6,CAL,fiber_0_1_0_0,4
49,0,1,7,CAL,fiber_0_1_0_0,4
49,0,1,8,CAL,fiber_0_1_0_0,4
49,0,1,9,CAL,fiber_0_1_0_0,4
49,0,1,10,CAL,fiber_0_1_0_0,4
49,0,1,11,CAL,fiber_0_1_0_0,4
49,0,1,12,CAL,fiber_0_1_0_0,4
49,0,1,13,CAL,fiber_0_1_0_0,4
49,0,1,14,CAL,fiber_0_1_0_0,4
49,0,1,15,CAL,fiber_0_1_0_0,4
49,0,1,16,CAL,fiber_0_1_0_0,4
49,0,1,17,CAL,fiber_0_1_0_0,4
49,0,1,18,CAL,fiber_0_1_0_0,4
50,0,1,1,CAL,fiber_0_1_0_0,4
50,0,1,2,CAL,fiber_0_1_0_0,4
50,0,1,3,CAL,fiber_0_1_0_0,4
50,0,1,4,CAL,fiber_0_1_0_0,4
50,0,1,5,CAL,fiber_0_1_0_0,4
50,0,1,6,CAL,fiber_0_1_0_0,4
50,0,1,7,CAL,fiber_0_1_0_0,4
50,0,1,8,CAL,fiber_0_1_0_0,4
50,0,1,9,CAL,fiber_0_1_0_0,4
50,0,1,10,CAL,fiber_0_1_0_0,4
50,0,1,11,CAL,fiber_0_1_0_0,4
50,0,1,12,CAL,fiber_0_1_0_0,4
50,0,1,13,CAL,fiber_0_1_0_0,4
50,0,1,14,CAL,fiber_0_1_0_0,4
50,0,1,15,CAL,fiber_0_1_0_0,4
50,0,1,16,CAL,fiber_0_1_0_0,4
50,0,1,17,CAL,fiber_0_1_0_0,4
50,0,1,18,CAL,fiber_0_1_0_0,4
50,0,1,19,CAL,fiber_0_1_0_0,4
51,0,1,1,CAL,fiber_0_1_0_0,4
51,0,1,2,CAL,fiber_0_1_0_0,4
51,0,1,3,CAL,fiber_0_1_0_0,4
51,0,1,4,CAL,fiber_0_1_0_0,4
51,0,1,5,CAL,fiber_0_1_0_0,4
51,0,1,6,CAL,fiber_0_1_0_0,4
51,0,1,7,CAL,fiber_0_1_0_0,4
51,0,1,8,CAL,fiber_0_1_0_0,4
51,0,1,9,CAL,fiber_0_1_0_0,4
51,0,1,10,CAL,fiber_0_1_0_0,4
51,0,1,11,CAL,fiber_0_1_0_0,4
51,0,1,12,CAL,fiber_0_1_0_0,4
51,0,1,13,CAL,fiber_0_1_0_0,4
51,0,1,14,CAL,fiber_0_1_0_0,4
51,0,1,15,CAL,fiber_0_1_0_0,4
51,0,1,16,CAL,fiber_0_1_0_0,4
51,0,1,17,CAL,fiber_0_1_0_0,4
51,0,1,18,CAL,fiber_0_1_0_0,4
51,0,1,19,CAL,fiber_0_1_0_0,4
52,0,1,0,CAL,fiber_0_1_0_0,4
52,0,1,1,CAL,fiber_0_1_0_0,4
52,0,1,2,CAL,fiber_0_1_0_0,4
52,0,1,3,CAL,fiber_0_1_0_0,4
52,0,1,4,CAL,fiber_0_1_0_0,4
52,0,1,5,CAL,fiber_0_1_0_0,4
52,0,1,6,CAL,fiber_0_1_0_0,4
52,0,1,7,CAL,fiber_0_1_0_0,4
52,0,1,8,CAL,fiber_0_1_0_0,4
52,0,1,9,CAL,fiber_0_1_0_0,4
52,0,1,10,CAL,fiber_0_1_0_0,4
52,0,1,11,CAL,fiber_0_1_0_0,4
52,0,1,12,CAL,fiber_0_1_0_0,4
52,0,1,13,CAL,fiber_0_1_0_0,4
52,0,1,14,CAL,fiber_0_1_0_0,4
52,0,1,15,CAL,fiber_0_1_0_0,4
52,0,1,16,CAL,fiber_0_1_0_0,4
52,0,1,17,CAL,fiber_0_1_0_0,4
52,0,1,18,CAL,fiber_0_1_0_0,4
52,0,1,19,CAL,fiber_0_1_0_0,4
53,0,1,0,CAL,fiber_0_1_0_0,4
53,0,1,1,CAL,fiber_0_1_0_0,4
53,0,1,2,CAL,fiber_0_1_0_0,4
53,0,1,3,CAL,fiber_0_1_0_0,4
53,0,1,4,CAL,fiber_0_1_0_0,4
53,0,1,5,CAL,fiber_0_1_0_0,4
53,0,1,6,CAL,fiber_0_1_0_0,4
53,0,1,7,CAL,fiber_0_1_0_0,4
53,0,1,8,CAL,fiber_0_1_0_0,4
53,0,1,9,CAL,fiber_0_1_0_0,4
53,0,1,10,CAL,fiber_0_1_0_0,4
53,0,1,11,CAL,fiber_0_1_0_0,4
53,0,1,12,CAL,fiber_0_1_0_0,4
53,0,1,13,CAL,fiber_0_1_0_0,4
53,0,1,14,CAL,fiber_0_1_0_0,4
53,0,1,15,CAL,fiber_0_1_0_0,4
53,0,1,16,CAL,fiber_0_1_0_0,4
53,0,1,17,CAL,fiber_0_1_0_0,4
53,0,1,18,CAL,fiber_0_1_0_0,4
53,0,1,19,CAL,fiber_0_1_0_0,4
54,0,1,0,CAL,fiber_0_1_0_0,4
54,0,1,1,CAL,fiber_0_1_0_0,4
54,0,1,2,CAL,fiber_0_1_0_0,4
54,0,1,3,CAL,fiber_0_1_0_0,4
54,0,1,4,CAL,fiber_0_1_0_0,4
54,0,1,5,CAL,fiber_0_1_0_0,4
54,0,1,6,CAL,fiber_0_1_0_0,4
54,0,1,8,CAL,fiber_0_1_0_0,4
54,0,1,9,CAL,fiber_0_1_0_0,4
54,0,1,10,CAL,fiber_0_1_0_0,4
54,0,1,11,CAL,fiber_0_1_0_0,4
54,0,1,13,CAL,fiber_0_1_0_0,4
54,0,1,14,CAL,fiber_0_1_0_0,4
54,0,1,15,CAL,fiber_0_1_0_0,4
54,0,1,16,CAL,fiber_0_1_0_0,4
54,0,1,17,CAL,fiber_0_1_0_0,4
54,0,1,18,CAL,fiber_0_1_0_0,4
54,0,1,19,CAL,fiber_0_1_0_0,4
55,0,1,0,CAL,fiber_0_1_0_0,4
55,0,1,1,CAL,fiber_0_1_0_0,4
55,0,1,2,CAL,fiber_0_1_0_0,4
55,0,1,3,CAL,fiber_0_1_0_0,4
55,0,1,4,CAL,fiber_0_1_0_0,4
55,0,1,5,CAL,fiber_0_1_0_0,4
55,0,1,6,CAL,fiber_0_1_0_0,4
55,0,1,8,CAL,fiber_0_1_0_0,4
55,0,1,9,CAL,fiber_0_1_0_0,4
55,0,1,10,CAL,fiber_0_1_0_0,4
55,0,1,11,CAL,fiber_0_1_0_0,4
55,0,1,13,CAL,fiber_0_1_0_0,4
55,0,1,14,CAL,fiber_0_1_0_0,4
55,0,1,15,CAL,fiber_0_1_0_0,4
55,0,1,16,CAL,fiber_0_1_0_0,4
55,0,1,17,CAL,fiber_0_1_0_0,4
55,0,1,18,CAL,fiber_0_1_0_0,4
55,0,1,19,CAL,fiber_0_1_0_0,4
60,0,1,8,CAL,fiber_0_1_0_0,4
60,0,1,9,CAL,fiber_0_1_0_0,4
60,0,1,10,CAL,fiber_0_1_0_0,4
60,0,1,11,CAL,fiber_0_1_0_0,4
60,0,1,12,CAL,fiber_0_1_0_0,4
60,0,1,13,CAL,fiber_0_1_0_0,4
60,0,1,14,CAL,fiber_0_1_0_0,4
60,0,1,15,CAL,fiber_0_1_0_0,4
60,0,1,16,CAL,fiber_0_1_0_0,4
60,0,1,17,CAL,fiber_0_1_0_0,4
60,0,1,18,CAL,fiber_0_1_0_0,4
60,0,1,19,CAL,fiber_0_1_0_0,4
61,0,1,8,CAL,fiber_0_1_0_0,4
61,0,1,9,CAL,fiber_0_1_0_0,4
61,0,1,10,CAL,fiber_0_1_0_0,4
61,0,1,11,CAL,fiber_0_1_0_0,4
61,0,1,12,CAL,fiber_0_1_0_0,4
61,0,1,13,CAL,fiber_0_1_0_0,4
61,0,1,14,CAL,fiber_0_1_0_0,4
61,0,1,15,CAL,fiber_0_1_0_0,4
61,0,1,16,CAL,fiber_0_1_0_0,4
61,0,1,17,CAL,fiber_0_1_0_0,4
61,0,1,18,CAL,fiber_0_1_0_0,4
61,0,1,19,CAL,fiber_0_1_0_0,4
56,0,1,0,CAL,fiber_0_1_0_1,5
56,0,1,1,CAL,fiber_0_1_0_1,5
56,0,1,2,CAL,fiber_0_1_0_1,5
56,0,1,3,CAL,fiber_0_1_0_1,5
56,0,1,4,CAL,fiber_0_1_0_1,5
56,0,1,5,CAL,fiber_0_1_0_1,5
56,0,1,6,CAL,fiber_0_1_0_1,5
56,0,1,7,CAL,fiber_0_1_0_1,5
56,0,1,8,CAL,fiber_0_1_0_1,5
56,0,1,9,CAL,fiber_0_1_0_1,5
56,0,1,10,CAL,fiber_0_1_0_1,5
56,0,1,11,CAL,fiber_0_1_0_1,5
56,0,1,12,CAL,fiber_0_1_0_1,5
56,0,1,13,CAL,fiber_0_1_0_1,5
56,0,1,14,CAL,fiber_0_1_0_1,5
56,0,1,15,CAL,fiber_0_1_0_1,5
56,0,1,16,CAL,fiber_0_1_0_1,5
56,0,1,17,CAL,fiber_0_1_0_1,5
56,0,1,18,CAL,fiber_0_1_0_1,5
56,0,1,19,CAL,fiber_0_1_0_1,5
57,0,1,0,CAL,fiber_0_1_0_1,5
57,0,1,1,CAL,fiber_0_1_0_1,5
57,0,1,2,CAL,fiber_0_1_0_1,5
57,0,1,3,CAL,fiber_0_1_0_1,5
57,0,1,4,CAL,fiber_0_1_0_1,5
57,0,1,5,CAL,fiber_0_1_0_1,5
57,0,1,6,CAL,fiber_0_1_0_1,5
57,0,1,7,CAL,fiber_0_1_0_1,5
57,0,1,8,CAL,fiber_0_1_0_1,5
57,0,1,9,CAL,fiber_0_1_0_1,5
57,0,1,10,CAL,fiber_0_1_0_1,5
57,0,1,11,CAL,fiber_0_1_0_1,5
57,0,1,12,CAL,fiber_0_1_0_1,5
57,0,1,13,CAL,fiber_0_1_0_1,5
57,0,1,14,CAL,fiber_0_1_0_1,5
57,0,1,15,CAL,fiber_0_1_0_1,5
57,0,1,16,CAL,fiber_0_1_0_1,5
57,0,1,17,CAL,fiber_0_1_0_1,5
57,0,1,18,CAL,fiber_0_1_0_1,5
57,0,1,19,CAL,fiber_0_1_0_1,5
58,0,1,0,CAL,fiber_0_1_0_1,5
58,0,1,1,CAL,fiber_0_1_0_1,5
58,0,1,2,CAL,fiber_0_1_0_1,5
58,0,1,3,CAL,fiber_0_1_0_1,5
58,0,1,4,CAL,fiber_0_1_0_1,5
58,0,1,5,CAL,fiber_0_1_0_1,5
58,0,1,6,CAL,fiber_0_1_0_1,5
58,0,1,7,CAL,fiber_0_1_0_1,5
58,0,1,8,CAL,fiber_0_1_0_1,5
58,0,1,9,CAL,fiber_0_1_0_1,5
58,0,1,10,CAL,fiber_0_1_0_1,5
58,0,1,11,CAL,fiber_0_1_0_1,5
58,0,1,12,CAL,fiber_0_1_0_1,5
58,0,1,13,CAL,fiber_0_1_0_1,5
58,0,1,14,CAL,fiber_0_1_0_1,5
58,0,1,15,CAL,fiber_0_1_0_1,5
58,0,1,16,CAL,fiber_0_1_0_1,5
58,0,1,17,CAL,fiber_0_1_0_1,5
58,0,1,18,CAL,fiber_0_1_0_1,5
58,0,1,19,CAL,fiber_0_1_0_1,5
59,0,1,0,CAL,fiber_0_1_0_1,5
59,0,1,1,CAL,fiber_0_1_0_1,5
59,0,1,2,CAL,fiber_0_1_0_1,5
59,0,1,3,CAL,fiber_0_1_0_1,5
59,0,1,4,CAL,fiber_0_1_0_1,5
59,0,1,5,CAL,fiber_0_1_0_1,5
59,0,1,6,CAL,fiber_0_1_0_1,5
59,0,1,7,CAL,fiber_0_1_0_1,5
59,0,1,8,CAL,fiber_0_1_0_1,5
59,0,1,9,CAL,fiber_0_1_0_1,5
59,0,1,10,CAL,fiber_0_1_0_1,5
59,0,1,11,CAL,fiber_0_1_0_1,5
59,0,1,12,CAL,fiber_0_1_0_1,5
59,0,1,13,CAL,fiber_0_1_0_1,5
59,0,1,14,CAL,fiber_0_1_0_1,5
59,0,1,15,CAL,fiber_0_1_0_1,5
59,0,1,16,CAL,fiber_0_1_0_1,5
59,0,1,17,CAL,fiber_0_1_0_1,5
59,0,1,18,CAL,fiber_0_1_0_1,5
59,0,1,19,CAL,fiber_0_1_0_1,5
60,0,1,0,CAL,fiber_0_1_0_1,5
60,0,1,1,CAL,fiber_0_1_0_1,5
60,0,1,2,CAL,fiber_0_1_0_1,5
60,0,1,3,CAL,fiber_0_1_0_1,5
60,0,1,4,CAL,fiber_0_1_0_1,5
60,0,1,5,CAL,fiber_0_1_0_1,5
60,0,1,6,CAL,fiber_0_1_0_1,5
60,0,1,7,CAL,fiber_0_1_0_1,5
61,0,1,0,CAL,fiber_0_1_0_1,5
61,0,1,1,CAL,fiber_0_1_0_1,5
61,0,1,2,CAL,fiber_0_1_0_1,5
61,0,1,3,CAL,fiber_0_1_0_1,5
61,0,1,4,CAL,fiber_0_1_0_1,5
61,0,1,5,CAL,fiber_0_1_0_1,5
61,0,1,6,CAL,fiber_0_1_0_1,5
61,0,1,7,CAL,fiber_0_1_0_1,5
64,0,1,8,CAL,fiber_0_1_0_1,5
65,0,1,8,CAL,fiber_0_1_0_1,5
66,0,1,1,CAL,fiber_0_1_0_1,5
66,0,1,2,CAL,fiber_0_1_0_1,5
66,0,1,3,CAL,fiber_0_1_0_1,5
66,0,1,4,CAL,fiber_0_1_0_1,5
66,0,1,5,CAL,fiber_0_1_0_1,5
66,0,1,6,CAL,fiber_0_1_0_1,5
66,0,1,7,CAL,fiber_0_1_0_1,5
66,0,1,8,CAL,fiber_0_1_0_1,5
66,0,1,9,CAL,fiber_0_1_0_1,5
66,0,1,10,CAL,fiber_0_1_0_1,5
66,0,1,11,CAL,fiber_0_1_0_1,5
66,0,1,12,CAL,fiber_0_1_0_1,5
66,0,1,13,CAL,fiber_0_1_0_1,5
66,0,1,14,CAL,fiber_0_1_0_1,5
66,0,1,15,CAL,fiber_0_1_0_1,5
66,0,1,16,CAL,fiber_0_1_0_1,5
66,0,1,18,CAL,fiber_0_1_0_1,5
66,0,1,19,CAL,fiber_0_1_0_1,5
67,0,1,1,CAL,fiber_0_1_0_1,5
67,0,1,2,CAL,fiber_0_1_0_1,5
67,0,1,3,CAL,fiber_0_1_0_1,5
67,0,1,4,CAL,fiber_0_1_0_1,5
67,0,1,5,CAL,fiber_0_1_0_1,5
67,0,1,6,CAL,fiber_0_1_0_1,5
67,0,1,7,CAL,fiber_0_1_0_1,5
67,0,1,8,CAL,fiber_0_1_0_1,5
67,0,1,9,CAL,fiber_0_1_0_1,5
67,0,1,10,CAL,fiber_0_1_0_1,5
67,0,1,11,CAL,fiber_0_1_0_1,5
67,0,1,12,CAL,fiber_0_1_0_1,5
67,0,1,13,CAL,fiber_0_1_0_1,5
67,0,1,14,CAL,fiber_0_1_0_1,5
67,0,1,15,CAL,fiber_0_1_0_1,5
67,0,1,16,CAL,fiber_0_1_0_1,5
67,0,1,18,CAL,fiber_0_1_0_1,5
67,0,1,19,CAL,fiber_0_1_0_1,5
68,0,1,0,CAL,fiber_0_1_0_1,5
68,0,1,1,CAL,fiber_0_1_0_1,5
68,0,1,2,CAL,fiber_0_1_0_1,5
68,0,1,3,CAL,fiber_0_1_0_1,5
68,0,1,4,CAL,fiber_0_1_0_1,5
68,0,1,5,CAL,fiber_0_1_0_1,5
68,0,1,6,CAL,fiber_0_1_0_1,5
68,0,1,7,CAL,fiber_0_1_0_1,5
68,0,1,8,CAL,fiber_0_1_0_1,5
68,0,1,9,CAL,fiber_0_1_0_1,5
68,0,1,10,CAL,fiber_0_1_0_1,5
68,0,1,11,CAL,fiber_0_1_0_1,5
68,0,1,12,CAL,fiber_0_1_0_1,5
68,0,1,13,CAL,fiber_0_1_0_1,5
68,0,1,14,CAL,fiber_0_1_0_1,5
68,0,1,15,CAL,fiber_0_1_0_1,5
68,0,1,16,CAL,fiber_0_1_0_1,5
68,0,1,17,CAL,fiber_0_1_0_1,5
68,0,1,18,CAL,fiber_0_1_0_1,5
68,0,1,19,CAL,fiber_0_1_0_1,5
69,0,1,0,CAL,fiber_0_1_0_1,5
69,0,1,1,CAL,fiber_0_1_0_1,5
69,0,1,2,CAL,fiber_0_1_0_1,5
69,0,1,3,CAL,fiber_0_1_0_1,5
69,0,1,4,CAL,fiber_0_1_0_1,5
69,0,1,5,CAL,fiber_0_1_0_1,5
69,0,1,6,CAL,fiber_0_1_0_1,5
69,0,1,7,CAL,fiber_0_1_0_1,5
69,0,1,8,CAL,fiber_0_1_0_1,5
69,0,1,9,CAL,fiber_0_1_0_1,5
69,0,1,10,CAL,fiber_0_1_0_1,5
69,0,1,11,CAL,fiber_0_1_0_1,5
69,0,1,12,CAL,fiber_0_1_0_1,5
69,0,1,13,CAL,fiber_0_1_0_1,5
69,0,1,14,CAL,fiber_0_1_0_1,5
69,0,1,15,CAL,fiber_0_1_0_1,5
69,0,1,16,CAL,fiber_0_1_0_1,5
69,0,1,17,CAL,fiber_0_1_0_1,5
69,0,1,18,CAL,fiber_0_1_0_1,5
69,0,1,19,CAL,fiber_0_1_0_1,5
40,0,1,0,CAL,fiber_0_1_1_0,6
40,0,1,1,CAL,fiber_0_1_1_0,6
40,0,1,2,CAL,fiber_0_1_1_0,6
40,0,1,4,CAL,fiber_0_1_1_0,6
40,0,1,5,CAL,fiber_0_1_1_0,6
40,0,1,6,CAL,fiber_0_1_1_0,6
40,0,1,8,CAL,fiber_0_1_1_0,6
40,0,1,9,CAL,fiber_0_1_1_0,6
40,0,1,10,CAL,fiber_0_1_1_0,6
40,0,1,12,CAL,fiber_0_1_1_0,6
40,0,1,13,CAL,fiber_0_1_1_0,6
40,0,1,14,CAL,fiber_0_1_1_0,6
40,0,1,15,CAL,fiber_0_1_1_0,6
40,0,1,16,CAL,fiber_0_1_1_0,6
40,0,1,17,CAL,fiber_0_1_1_0,6
40,0,1,18,CAL,fiber_0_1_1_0,6
41,0,1,0,CAL,fiber_0_1_1_0,6
41,0,1,1,CAL,fiber_0_1_1_0,6
41,0,1,2,CAL,fiber_0_1_1_0,6
41,0,1,4,CAL,fiber_0_1_1_0,6
41,0,1,5,CAL,fiber_0_1_1_0,6
41,0,1,6,CAL,fiber_0_1_1_0,6
41,0,1,8,CAL,fiber_0_1_1_0,6
41,0,1,9,CAL,fiber_0_1_1_0,6
41,0,1,10,CAL,fiber_0_1_1_0,6
41,0,1,12,CAL,fiber_0_1_1_0,6
41,0,1,13,CAL,fiber_0_1_1_0,6
41,0,1,14,CAL,fiber_0_1_1_0,6
41,0,1,15,CAL,fiber_0_1_1_0,6
41,0,1,16,CAL,fiber_0_1_1_0,6
41,0,1,17,CAL,fiber_0_1_1_0,6
41,0,1,18,CAL,fiber_0_1_1_0,6
42,0,1,0,CAL,fiber_0_1_1_0,6
42,0,1,1,CAL,fiber_0_1_1_0,6
42,0,1,2,CAL,fiber_0_1_1_0,6
42,0,1,3,CAL,fiber_0_1_1_0,6
42,0,1,4,CAL,fiber_0_1_1_0,6
42,0,1,5,CAL,fiber_0_1_1_0,6
42,0,1,6,CAL,fiber_0_1_1_0,6
42,0,1,7,CAL,fiber_0_1_1_0,6
42,0,1,8,CAL,fiber_0_1_1_0,6
42,0,1,9,CAL,fiber_0_1_1_0,6
42,0,1,10,CAL,fiber_0_1_1_0,6
42,0,1,11,CAL,fiber_0_1_1_0,6
42,0,1,12,CAL,fiber_0_1_1_0,6
42,0,1,13,CAL,fiber_0_1_1_0,6
42,0,1,14,CAL,fiber_0_1_1_0,6
42,0,1,15,CAL,fiber_0_1_1_0,6
42,0,1,16,CAL,fiber_0_1_1_0,6
42,0,1,17,CAL,fiber_0_1_1_0,6
42,0,1,18,CAL,fiber_0_1_1_0,6
42,0,1,19,CAL,fiber_0_1_1_0,6
43,0,1,0,CAL,fiber_0_1_1_0,6
43,0,1,1,CAL,fiber_0_1_1_0,6
43,0,1,2,CAL,fiber_0_1_1_0,6
43,0,1,3,CAL,fiber_0_1_1_0,6
43,0,1,4,CAL,fiber_0_1_1_0,6
43,0,1,5,CAL,fiber_0_1_1_0,6
43,0,1,6,CAL,fiber_0_1_1_0,6
43,0,1,7,CAL,fiber_0_1_1_0,6
43,0,1,8,CAL,fiber_0_1_1_0,6
43,0,1,9,CAL,fiber_0_1_1_0,6
43,0,1,10,CAL,fiber_0_1_1_0,6
43,0,1,11,CAL,fiber_0_1_1_0,6
43,0,1,12,CAL,fiber_0_1_1_0,6
43,0,1,13,CAL,fiber_0_1_1_0,6
43,0,1,14,CAL,fiber_0_1_1_0,6
43,0,1,15,CAL,fiber_0_1_1_0,6
43,0,1,16,CAL,fiber_0_1_1_0,6
43,0,1,17,CAL,fiber_0_1_1_0,6
43,0,1,18,CAL,fiber_0_1_1_0,6
43,0,1,19,CAL,fiber_0_1_1_0,6
44,0,1,0,CAL,fiber_0_1_1_0,6
44,0,1,1,CAL,fiber_0_1_1_0,6
44,0,1,2,CAL,fiber_0_1_1_0,6
44,0,1,3,CAL,fiber_0_1_1_0,6
44,0,1,4,CAL,fiber_0_1_1_0,6
44,0,1,5,CAL,fiber_0_1_1_0,6
44,0,1,6,CAL,fiber_0_1_1_0,6
44,0,1,7,CAL,fiber_0_1_1_0,6
44,0,1,8,CAL,fiber_0_1_1_0,6
44,0,1,9,CAL,fiber_0_1_1_0,6
44,0,1,10,CAL,fiber_0_1_1_0,6
44,0,1,11,CAL,fiber_0_1_1_0,6
44,0,1,12,CAL,fiber_0_1_1_0,6
44,0,1,13,CAL,fiber_0_1_1_0,6
44,0,1,14,CAL,fiber_0_1_1_0,6
44,0,1,15,CAL,fiber_0_1_1_0,6
44,0,1,16,CAL,fiber_0_1_1_0,6
44,0,1,17,CAL,fiber_0_1_1_0,6
44,0,1,18,CAL,fiber_0_1_1_0,6
44,0,1,19,CAL,fiber_0_1_1_0,6
45,0,1,0,CAL,fiber_0_1_1_0,6
45,0,1,1,CAL,fiber_0_1_1_0,6
45,0,1,2,CAL,fiber_0_1_1_0,6
45,0,1,3,CAL,fiber_0_1_1_0,6
45,0,1,4,CAL,fiber_0_1_1_0,6
45,0,1,5,CAL,fiber_0_1_1_0,6
45,0,1,6,CAL,fiber_0_1_1_0,6
45,0,1,7,CAL,fiber_0_1_1_0,6
45,0,1,8,CAL,fiber_0_1_1_0,6
45,0,1,9,CAL,fiber_0_1_1_0,6
45,0,1,10,CAL,fiber_0_1_1_0,6
45,0,1,11,CAL,fiber_0_1_1_0,6
45,0,1,12,CAL,fiber_0_1_1_0,6
45,0,1,13,CAL,fiber_0_1_1_0,6
45,0,1,14,CAL,fiber_0_1_1_0,6
45,0,1,15,CAL,fiber_0_1_1_0,6
45,0,1,16,CAL,fiber_0_1_1_0,6
45,0,1,17,CAL,fiber_0_1_1_0,6
45,0,1,18,CAL,fiber_0_1_1_0,6
45,0,1,19,CAL,fiber_0_1_1_0,6
46,0,1,0,CAL,fiber_0_1_1_0,6
46,0,1,1,CAL,fiber_0_1_1_0,6
46,0,1,2,CAL,fiber_0_1_1_0,6
46,0,1,3,CAL,fiber_0_1_1_0,6
46,0,1,4,CAL,fiber_0_1_1_0,6
46,0,1,5,CAL,fiber_0_1_1_0,6
46,0,1,6,CAL,fiber_0_1_1_0,6
46,0,1,7,CAL,fiber_0_1_1_0,6
46,0,1,8,CAL,fiber_0_1_1_0,6
46,0,1,9,CAL,fiber_0_1_1_0,6
46,0,1,10,CAL,fiber_0_1_1_0,6
46,0,1,11,CAL,fiber_0_1_1_0,6
46,0,1,12,CAL,fiber_0_1_1_0,6
46,0,1,13,CAL,fiber_0_1_1_0,6
46,0,1,14,CAL,fiber_0_1_1_0,6
46,0,1,15,CAL,fiber_0_1_1_0,6
46,0,1,16,CAL,fiber_0_1_1_0,6
46,0,1,17,CAL,fiber_0_1_1_0,6
46,0,1,18,CAL,fiber_0_1_1_0,6
46,0,1,19,CAL,fiber_0_1_1_0,6
47,0,1,0,CAL,fiber_0_1_1_0,6
47,0,1,1,CAL,fiber_0_1_1_0,6
47,0,1,2,CAL,fiber_0_1_1_0,6
47,0,1,3,CAL,fiber_0_1_1_0,6
47,0,1,4,CAL,fiber_0_1_1_0,6
47,0,1,5,CAL,fiber_0_1_1_0,6
47,0,1,6,CAL,fiber_0_1_1_0,6
47,0,1,7,CAL,fiber_0_1_1_0,6
47,0,1,8,CAL,fiber_0_1_1_0,6
47,0,1,9,CAL,fiber_0_1_1_0,6
47,0,1,10,CAL,fiber_0_1_1_0,6
47,0,1,11,CAL,fiber_0_1_1_0,6
47,0,1,12,CAL,fiber_0_1_1_0,6
47,0,1,13,CAL,fiber_0_1_1_0,6
47,0,1,14,CAL,fiber_0_1_1_0,6
47,0,1,15,CAL,fiber_0_1_1_0,6
47,0,1,16,CAL,fiber_0_1_1_0,6
47,0,1,17,CAL,fiber_0_1_1_0,6
47,0,1,18,CAL,fiber_0_1_1_0,6
47,0,1,19,CAL,fiber_0_1_1_0,6
54,0,1,7,CAL,fiber_0_1_1_0,6
54,0,1,12,CAL,fiber_0_1_1_0,6
55,0,1,7,CAL,fiber_0_1_1_0,6
55,0,1,12,CAL,fiber_0_1_1_0,6
64,0,1,0,CAL,fiber_0_1_1_1,7
64,0,1,2,CAL,fiber_0_1_1_1,7
64,0,1,3,CAL,fiber_0_1_1_1,7
64,0,1,4,CAL,fiber_0_1_1_1,7
64,0,1,5,CAL,fiber_0_1_1_1,7
64,0,1,6,CAL,fiber_0_1_1_1,7
64,0,1,7,CAL,fiber_0_1_1_1,7
64,0,1,9,CAL,fiber_0_1_1_1,7
64,0,1,10,CAL,fiber_0_1_1_1,7
64,0,1,11,CAL,fiber_0_1_1_1,7
64,0,1,12,CAL,fiber_0_1_1_1,7
64,0,1,13,CAL,fiber_0_1_1_1,7
64,0,1,14,CAL,fiber_0_1_1_1,7
64,0,1,15,CAL,fiber_0_1_1_1,7
64,0,1,16,CAL,fiber_0_1_1_1,7
64,0,1,17,CAL,fiber_0_1_1_1,7
64,0,1,18,CAL,fiber_0_1_1_1,7
64,0,1,19,CAL,fiber_0_1_1_1,7
65,0,1,0,CAL,fiber_0_1_1_1,7
65,0,1,2,CAL,fiber_0_1_1_1,7
65,0,1,3,CAL,fiber_0_1_1_1,7
65,0,1,4,CAL,fiber_0_1_1_1,7
65,0,1,5,CAL,fiber_0_1_1_1,7
65,0,1,6,CAL,fiber_0_1_1_1,7
65,0,1,7,CAL,fiber_0_1_1_1,7
65,0,1,9,CAL,fiber_0_1_1_1,7
65,0,1,10,CAL,fiber_0_1_1_1,7
65,0,1,11,CAL,fiber_0_1_1_1,7
65,0,1,12,CAL,fiber_0_1_1_1,7
65,0,1,13,CAL,fiber_0_1_1_1,7
65,0,1,14,CAL,fiber_0_1_1_1,7
65,0,1,15,CAL,fiber_0_1_1_1,7
65,0,1,16,CAL,fiber_0_1_1_1,7
65,0,1,17,CAL,fiber_0_1_1_1,7
65,0,1,18,CAL,fiber_0_1_1_1,7
65,0,1,19,CAL,fiber_0_1_1_1,7
66,0,1,0,CAL,fiber_0_1_1_1,7
66,0,1,17,CAL,fiber_0_1_1_1,7
67,0,1,0,CAL,fiber_0_1_1_1,7
67,0,1,17,CAL,fiber_0_1_1_1,7
72,0,1,2,CAL,fiber_0_1_1_1,7
72,0,1,4,CAL,fiber_0_1_1_1,7
72,0,1,5,CAL,fiber_0_1_1_1,7
72,0,1,6,CAL,fiber_0_1_1_1,7
72,0,1,7,CAL,fiber_0_1_1_1,7
72,0,1,8,CAL,fiber_0_1_1_1,7
72,0,1,9,CAL,fiber_0_1_1_1,7
72,0,1,10,CAL,fiber_0_1_1_1,7
72,0,1,11,CAL,fiber_0_1_1_1,7
72,0,1,12,CAL,fiber_0_1_1_1,7
72,0,1,13,CAL,fiber_0_1_1_1,7
72,0,1,14,CAL,fiber_0_1_1_1,7
72,0,1,15,CAL,fiber_0_1_1_1,7
72,0,1,16,CAL,fiber_0_1_1_1,7
72,0,1,17,CAL,fiber_0_1_1_1,7
72,0,1,18,CAL,fiber_0_1_1_1,7
72,0,1,19,CAL,fiber_0_1_1_1,7
73,0,1,2,CAL,fiber_0_1_1_1,7
73,0,1,4,CAL,fiber_0_1_1_1,7
73,0,1,5,CAL,fiber_0_1_1_1,7
73,0,1,6,CAL,fiber_0_1_1_1,7
73,0,1,7,CAL,fiber_0_1_1_1,7
73,0,1,8,CAL,fiber_0_1_1_1,7
73,0,1,9,CAL,fiber_0_1_1_1,7
73,0,1,10,CAL,fiber_0_1_1_1,7
73,0,1,11,CAL,fiber_0_1_1_1,7
73,0,1,12,CAL,fiber_0_1_1_1,7
73,0,1,13,CAL,fiber_0_1_1_1,7
73,0,1,14,CAL,fiber_0_1_1_1,7
73,0,1,15,CAL,fiber_0_1_1_1,7
73,0,1,16,CAL,fiber_0_1_1_1,7
73,0,1,17,CAL,fiber_0_1_1_1,7
73,0,1,18,CAL,fiber_0_1_1_1,7
73,0,1,19,CAL,fiber_0_1_1_1,7
74,0,1,1,CAL,fiber_0_1_1_1,7
74,0,1,2,CAL,fiber_0_1_1_1,7
74,0,1,3,CAL,fiber_0_1_1_1,7
74,0,1,4,CAL,fiber_0_1_1_1,7
74,0,1,5,CAL,fiber_0_1_1_1,7
74,0,1,6,CAL,fiber_0_1_1_1,7
74,0,1,7,CAL,fiber_0_1_1_1,7
74,0,1,8,CAL,fiber_0_1_1_1,7
74,0,1,9,CAL,fiber_0_1_1_1,7
74,0,1,10,CAL,fiber_0_1_1_1,7
74,0,1,11,CAL,fiber_0_1_1_1,7
74,0,1,12,CAL,fiber_0_1_1_1,7
74,0,1,13,CAL,fiber_0_1_1_1,7
74,0,1,14,CAL,fiber_0_1_1_1,7
74,0,1,15,CAL,fiber_0_1_1_1,7
74,0,1,16,CAL,fiber_0_1_1_1,7
74,0,1,17,CAL,fiber_0_1_1_1,7
74,0,1,18,CAL,fiber_0_1_1_1,7
75,0,1,1,CAL,fiber_0_1_1_1,7
75,0,1,2,CAL,fiber_0_1_1_1,7
75,0,1,3,CAL,fiber_0_1_1_1,7
75,0,1,4,CAL,fiber_0_1_1_1,7
75,0,1,5,CAL,fiber_0_1_1_1,7
75,0,1,6,CAL,fiber_0_1_1_1,7
75,0,1,7,CAL,fiber_0_1_1_1,7
75,0,1,8,CAL,fiber_0_1_1_1,7
75,0,1,9,CAL,fiber_0_1_1_1,7
75,0,1,10,CAL,fiber_0_1_1_1,7
75,0,1,11,CAL,fiber_0_1_1_1,7
75,0,1,12,CAL,fiber_0_1_1_1,7
75,0,1,13,CAL,fiber_0_1_1_1,7
75,0,1,14,CAL,fiber_0_1_1_1,7
75,0,1,15,CAL,fiber_0_1_1_1,7
75,0,1,16,CAL,fiber_0_1_1_1,7
75,0,1,17,CAL,fiber_0_1_1_1,7
75,0,1,18,CAL,fiber_0_1_1_1,7
76,0,1,0,CAL,fiber_0_1_1_1,7
76,0,1,1,CAL,fiber_0_1_1_1,7
76,0,1,2,CAL,fiber_0_1_1_1,7
76,0,1,3,CAL,fiber_0_1_1_1,7
76,0,1,4,CAL,fiber_0_1_1_1,7
76,0,1,5,CAL,fiber_0_1_1_1,7
76,0,1,6,CAL,fiber_0_1_1_1,7
76,0,1,7,CAL,fiber_0_1_1_1,7
76,0,1,8,CAL,fiber_0_1_1_1,7
76,0,1,9,CAL,fiber_0_1_1_1,7
76,0,1,10,CAL,fiber_0_1_1_1,7
76,0,1,11,CAL,fiber_0_1_1_1,7
76,0,1,12,CAL,fiber_0_1_1_1,7
76,0,1,13,CAL,fiber_0_1_1_1,7
76,0,1,14,CAL,fiber_0_1_1_1,7
76,0,1,15,CAL,fiber_0_1_1_1,7
76,0,1,16,CAL,fiber_0_1_1_1,7
76,0,1,17,CAL,fiber_0_1_1_1,7
76,0,1,18,CAL,fiber_0_1_1_1,7
76,0,1,19,CAL,fiber_0_1_1_1,7
77,0,1,0,CAL,fiber_0_1_1_1,7
77,0,1,1,CAL,fiber_0_1_1_1,7
77,0,1,2,CAL,fiber_0_1_1_1,7
77,0,1,3,CAL,fiber_0_1_1_1,7
77,0,1,4,CAL,fiber_0_1_1_1,7
77,0,1,5,CAL,fiber_0_1_1_1,7
77,0,1,6,CAL,fiber_0_1_1_1,7
77,0,1,7,CAL,fiber_0_1_1_1,7
77,0,1,8,CAL,fiber_0_1_1_1,7
77,0,1,9,CAL,fiber_0_1_1_1,7
77,0,1,10,CAL,fiber_0_1_1_1,7
77,0,1,11,CAL,fiber_0_1_1_1,7
77,0,1,12,CAL,fiber_0_1_1_1,7
77,0,1,13,CAL,fiber_0_1_1_1,7
77,0,1,14,CAL,fiber_0_1_1_1,7
77,0,1,15,CAL,fiber_0_1_1_1,7
77,0,1,16,CAL,fiber_0_1_1_1,7
77,0,1,17,CAL,fiber_0_1_1_1,7
77,0,1,18,CAL,fiber_0_1_1_1,7
77,0,1,19,CAL,fiber_0_1_1_1,7
88,1,0,0,CAL,fiber_1_0_0_0,8
88,1,0,1,CAL,fiber_1_0_0_0,8
88,1,0,2,CAL,fiber_1_0_0_0,8
88,1,0,3,CAL,fiber_1_0_0_0,8
88,1,0,4,CAL,fiber_1_0_0_0,8
88,1,0,5,CAL,fiber_1_0_0_0,8
88,1,0,6,CAL,fiber_1_0_0_0,8
88,1,0,7,CAL,fiber_1_0_0_0,8
88,1,0,8,CAL,fiber_1_0_0_0,8
88,1,0,9,CAL,fiber_1_0_0_0,8
88,1,0,10,CAL,fiber_1_0_0_0,8
88,1,0,11,CAL,fiber_1_0_0_0,8
88,1,0,12,CAL,fiber_1_0_0_0,8
88,1,0,13,CAL,fiber_1_0_0_0,8
88,1,0,14,CAL,fiber_1_0_0_0,8
88,1,0,15,CAL,fiber_1_0_0_0,8
88,1,0,16,CAL,fiber_1_0_0_0,8
88,1,0,17,CAL,fiber_1_0_0_0,8
89,1,0,0,CAL,fiber_1_0_0_0,8
89,1,0,1,CAL,fiber_1_0_0_0,8
89,1,0,2,CAL,fiber_1_0_0_0,8
89,1,0,3,CAL,fiber_1_0_0_0,8
89,1,0,4,CAL,fiber_1_0_0_0,8
89,1,0,5,CAL,fiber_1_0_0_0,8
89,1,0,6,CAL,fiber_1_0_0_0,8
89,1,0,7,CAL,fiber_1_0_0_0,8
89,1,0,8,CAL,fiber_1_0_0_0,8
89,1,0,9,CAL,fiber_1_0_0_0,8
89,1,0,10,CAL,fiber_1_0_0_0,8
89,1,0,11,CAL,fiber_1_0_0_0,8
89,1,0,12,CAL,fiber_1_0_0_0,8
89,1,0,13,CAL,fiber_1_0_0_0,8
89,1,0,14,CAL,fiber_1_0_0_0,8
89,1,0,15,CAL,fiber_1_0_0_0,8
89,1,0,16,CAL,fiber_1_0_0_0,8
89,1,0,17,CAL,fiber_1_0_0_0,8
90,1,0,0,CAL,fiber_1_0_0_0,8
90,1,0,1,CAL,fiber_1_0_0_0,8
90,1,0,2,CAL,fiber_1_0_0_0,8
90,1,0,3,CAL,fiber_1_0_0_0,8
90,1,0,4,CAL,fiber_1_0_0_0,8
90,1,0,5,CAL,fiber_1_0_0_0,8
90,1,0,6,CAL,fiber_1_0_0_0,8
90,1,0,7,CAL,fiber_1_0_0_0,8
90,1,0,8,CAL,fiber_1_0_0_0,8
90,1,0,9,CAL,fiber_1_0_0_0,8
90,1,0,10,CAL,fiber_1_0_0_0,8
90,1,0,11,CAL,fiber_1_0_0_0,8
90,1,0,12,CAL,fiber_1_0_0_0,8
90,1,0,13,CAL,fiber_1_0_0_0,8
90,1,0,14,CAL,fiber_1_0_0_0,8
90,1,0,15,CAL,fiber_1_0_0_0,8
90,1,0,16,CAL,fiber_1_0_0_0,8
90,1,0,17,CAL,fiber_1_0_0_0,8
90,1,0,18,CAL,fiber_1_0_0_0,8
91,1,0,0,CAL,fiber_1_0_0_0,8
91,1,0,1,CAL,fiber_1_0_0_0,8
91,1,0,2,CAL,fiber_1_0_0_0,8
91,1,0,3,CAL,fiber_1_0_0_0,8
91,1,0,4,CAL,fiber_1_0_0_0,8
91,1,0,5,CAL,fiber_1_0_0_0,8
91,1,0,6,CAL,fiber_1_0_0_0,8
91,1,0,7,CAL,fiber_1_0_0_0,8
91,1,0,8,CAL,fiber_1_0_0_0,8
91,1,0,9,CAL,fiber_1_0_0_0,8
91,1,0,10,CAL,fiber_1_0_0_0,8
91,1,0,11,CAL,fiber_1_0_0_0,8
91,1,0,12,CAL,fiber_1_0_0_0,8
91,1,0,13,CAL,fiber_1_0_0_0,8
91,1,0,14,CAL,fiber_1_0_0_0,8
91,1,0,15,CAL,fiber_1_0_0_0,8
91,1,0,16,CAL,fiber_1_0_0_0,8
91,1,0,17,CAL,fiber_1_0_0_0,8
91,1,0,18,CAL,fiber_1_0_0_0,8
92,1,0,0,CAL,fiber_1_0_0_0,8
92,1,0,1,CAL,fiber_1_0_0_0,8
92,1,0,2,CAL,fiber_1_0_0_0,8
92,1,0,3,CAL,fiber_1_0_0_0,8
92,1,0,4,CAL,fiber_1_0_0_0,8
92,1,0,5,CAL,fiber_1_0_0_0,8
92,1,0,6,CAL,fiber_1_0_0_0,8
92,1,0,7,CAL,fiber_1_0_0_0,8
92,1,0,8,CAL,fiber_1_0_0_0,8
92,1,0,9,CAL,fiber_1_0_0_0,8
92,1,0,10,CAL,fiber_1_0_0_0,8
92,1,0,12,CAL,fiber_1_0_0_0,8
92,1,0,13,CAL,fiber_1_0_0_0,8
92,1,0,14,CAL,fiber_1_0_0_0,8
92,1,0,16,CAL,fiber_1_0_0_0,8
92,1,0,17,CAL,fiber_1_0_0_0,8
92,1,0,18,CAL,fiber_1_0_0_0,8
93,1,0,0,CAL,fiber_1_0_0_0,8
93,1,0,1,CAL,fiber_1_0_0_0,8
93,1,0,2,CAL,fiber_1_0_0_0,8
93,1,0,3,CAL,fiber_1_0_0_0,8
93,1,0,4,CAL,fiber_1_0_0_0,8
93,1,0,5,CAL,fiber_1_0_0_0,8
93,1,0,6,CAL,fiber_1_0_0_0,8
93,1,0,7,CAL,fiber_1_0_0_0,8
93,1,0,8,CAL,fiber_1_0_0_0,8
93,1,0,9,CAL,fiber_1_0_0_0,8
93,1,0,10,CAL,fiber_1_0_0_0,8
93,1,0,12,CAL,fiber_1_0_0_0,8
93,1,0,13,CAL,fiber_1_0_0_0,8
93,1,0,14,CAL,fiber_1_0_0_0,8
93,1,0,16,CAL,fiber_1_0_0_0,8
93,1,0,17,CAL,fiber_1_0_0_0,8
93,1,0,18,CAL,fiber_1_0_0_0,8
94,1,0,9,CAL,fiber_1_0_0_0,8
94,1,0,10,CAL,fiber_1_0_0_0,8
95,1,0,9,CAL,fiber_1_0_0_0,8
95,1,0,10,CAL,fiber_1_0_0_0,8
96,1,0,1,CAL,fiber_1_0_0_0,8
96,1,0,3,CAL,fiber_1_0_0_0,8
97,1,0,1,CAL,fiber_1_0_0_0,8
97,1,0,3,CAL,fiber_1_0_0_0,8
98,1,0,0,CAL,fiber_1_0_0_0,8
98,1,0,1,CAL,fiber_1_0_0_0,8
98,1,0,2,CAL,fiber_1_0_0_0,8
98,1,0,3,CAL,fiber_1_0_0_0,8
98,1,0,4,CAL,fiber_1_0_0_0,8
98,1,0,5,CAL,fiber_1_0_0_0,8
98,1,0,6,CAL,fiber_1_0_0_0,8
98,1,0,7,CAL,fiber_1_0_0_0,8
98,1,0,12,CAL,fiber_1_0_0_0,8
98,1,0,13,CAL,fiber_1_0_0_0,8
98,1,0,14,CAL,fiber_1_0_0_0,8
98,1,0,15,CAL,fiber_1_0_0_0,8
98,1,0,18,CAL,fiber_1_0_0_0,8
98,1,0,19,CAL,fiber_1_0_0_0,8
99,1,0,0,CAL,fiber_1_0_0_0,8
99,1,0,1,CAL,fiber_1_0_0_0,8
99,1,0,2,CAL,fiber_1_0_0_0,8
99,1,0,3,CAL,fiber_1_0_0_0,8
99,1,0,4,CAL,fiber_1_0_0_0,8
99,1,0,5,CAL,fiber_1_0_0_0,8
99,1,0,6,CAL,fiber_1_0_0_0,8
99,1,0,7,CAL,fiber_1_0_0_0,8
99,1,0,12,CAL,fiber_1_0_0_0,8
99,1,0,13,CAL,fiber_1_0_0_0,8
99,1,0,14,CAL,fiber_1_0_0_0,8
99,1,0,15,CAL,fiber_1_0_0_0,8
99,1,0,18,CAL,fiber_1_0_0_0,8
99,1,0,19,CAL,fiber_1_0_0_0,8
100,1,0,0,CAL,fiber_1_0_0_0,8
100,1,0,1,CAL,fiber_1_0_0_0,8
100,1,0,2,CAL,fiber_1_0_0_0,8
100,1,0,3,CAL,fiber_1_0_0_0,8
100,1,0,4,CAL,fiber_1_0_0_0,8
100,1,0,5,CAL,fiber_1_0_0_0,8
100,1,0,6,CAL,fiber_1_0_0_0,8
100,1,0,7,CAL,fiber_1_0_0_0,8
100,1,0,8,CAL,fiber_1_0_0_0,8
100,1,0,9,CAL,fiber_1_0_0_0,8
100,1,0,10,CAL,fiber_1_0_0_0,8
100,1,0,11,CAL,fiber_1_0_0_0,8
100,1,0,12,CAL,fiber_1_0_0_0,8
100,1,0,13,CAL,fiber_1_0_0_0,8
100,1,0,14,CAL,fiber_1_0_0_0,8
100,1,0,15,CAL,fiber_1_0_0_0,8
100,1,0,16,CAL,fiber_1_0_0_0,8
100,1,0,17,CAL,fiber_1_0_0_0,8
100,1,0,18,CAL,fiber_1_0_0_0,8
100,1,0,19,CAL,fiber_1_0_0_0,8
101,1,0,0,CAL,fiber_1_0_0_0,8
101,1,0,1,CAL,fiber_1_0_0_0,8
101,1,0,2,CAL,fiber_1_0_0_0,8
101,1,0,3,CAL,fiber_1_0_0_0,8
101,1,0,4,CAL,fiber_1_0_0_0,8
101,1,0,5,CAL,fiber_1_0_0_0,8
101,1,0,6,CAL,fiber_1_0_0_0,8
101,1,0,7,CAL,fiber_1_0_0_0,8
101,1,0,8,CAL,fiber_1_0_0_0,8
101,1,0,9,CAL,fiber_1_0_0_0,8
101,1,0,10,CAL,fiber_1_0_0_0,8
101,1,0,11,CAL,fiber_1_0_0_0,8
101,1,0,12,CAL,fiber_1_0_0_0,8
101,1,0,13,CAL,fiber_1_0_0_0,8
101,1,0,14,CAL,fiber_1_0_0_0,8
101,1,0,15,CAL,fiber_1_0_0_0,8
101,1,0,16,CAL,fiber_1_0_0_0,8
101,1,0,17,CAL,fiber_1_0_0_0,8
101,1,0,18,CAL,fiber_1_0_0_0,8
101,1,0,19,CAL,fiber_1_0_0_0,8
96,1,0,0,CAL,fiber_1_0_0_1,9
96,1,0,2,CAL,fiber_1_0_0_1,9
96,1,0,4,CAL,fiber_1_0_0_1,9
96,1,0,5,CAL,fiber_1_0_0_1,9
96,1,0,6,CAL,fiber_1_0_0_1,9
96,1,0,8,CAL,fiber_1_0_0_1,9
96,1,0,9,CAL,fiber_1_0_0_1,9
96,1,0,10,CAL,fiber_1_0_0_1,9
96,1,0,11,CAL,fiber_1_0_0_1,9
96,1,0,12,CAL,fiber_1_0_0_1,9
96,1,0,13,CAL,fiber_1_0_0_1,9
96,1,0,14,CAL,fiber_1_0_0_1,9
96,1,0,15,CAL,fiber_1_0_0_1,9
96,1,0,16,CAL,fiber_1_0_0_1,9
96,1,0,17,CAL,fiber_1_0_0_1,9
96,1,0,18,CAL,fiber_1_0_0_1,9
96,1,0,19,CAL,fiber_1_0_0_1,9
97,1,0,0,CAL,fiber_1_0_0_1,9
97,1,0,2,CAL,fiber_1_0_0_1,9
97,1,0,4,CAL,fiber_1_0_0_1,9
97,1,0,5,CAL,fiber_1_0_0_1,9
97,1,0,7,CAL,fiber_1_0_0_1,9
97,1,0,8,CAL,fiber_1_0_0_1,9
97,1,0,9,CAL,fiber_1_0_0_1,9
97,1,0,10,CAL,fiber_1_0_0_1,9
97,1,0,11,CAL,fiber_1_0_0_1,9
97,1,0,12,CAL,fiber_1_0_0_1,9
97,1,0,13,CAL,fiber_1_0_0_1,9
97,1,0,14,CAL,fiber_1_0_0_1,9
97,1,0,15,CAL,fiber_1_0_0_1,9
97,1,0,16,CAL,fiber_1_0_0_1,9
97,1,0,17,CAL,fiber_1_0_0_1,9
97,1,0,18,CAL,fiber_1_0_0_1,9
97,1,0,19,CAL,fiber_1_0_0_1,9
98,1,0,8,CAL,fiber_1_0_0_1,9
98,1,0,9,CAL,fiber_1_0_0_1,9
98,1,0,10,CAL,fiber_1_0_0_1,9
98,1,0,11,CAL,fiber_1_0_0_1,9
98,1,0,16,CAL,fiber_1_0_0_1,9
98,1,0,17,CAL,fiber_1_0_0_1,9
99,1,0,8,CAL,fiber_1_0_0_1,9
99,1,0,9,CAL,fiber_1_0_0_1,9
99,1,0,10,CAL,fiber_1_0_0_1,9
99,1,0,11,CAL,fiber_1_0_0_1,9
99,1,0,16,CAL,fiber_1_0_0_1,9
99,1,0,17,CAL,fiber_1_0_0_1,9
104,1,0,0,CAL,fiber_1_0_0_1,9
104,1,0,1,CAL,fiber_1_0_0_1,9
104,1,0,2,CAL,fiber_1_0_0_1,9
104,1,0,3,CAL,fiber_1_0_0_1,9
104,1,0,4,CAL,fiber_1_0_0_1,9
104,1,0,5,CAL,fiber_1_0_0_1,9
104,1,0,6,CAL,fiber_1_0_0_1,9
104,1,0,7,CAL,fiber_1_0_0_1,9
104,1,0,8,CAL,fiber_1_0_0_1,9
104,1,0,9,CAL,fiber_1_0_0_1,9
104,1,0,10,CAL,fiber_1_0_0_1,9
104,1,0,11,CAL,fiber_1_0_0_1,9
104,1,0,12,CAL,fiber_1_0_0_1,9
104,1,0,13,CAL,fiber_1_0_0_1,9
104,1,0,14,CAL,fiber_1_0_0_1,9
104,1,0,15,CAL,fiber_1_0_0_1,9
104,1,0,16,CAL,fiber_1_0_0_1,9
104,1,0,17,CAL,fiber_1_0_0_1,9
104,1,0,18,CAL,fiber_1_0_0_1,9
104,1,0,19,CAL,fiber_1_0_0_1,9
105,1,0,0,CAL,fiber_1_0_0_1,9
105,1,0,1,CAL,fiber_1_0_0_1,9
105,1,0,2,CAL,fiber_1_0_0_1,9
105,1,0,3,CAL,fiber_1_0_0_1,9
105,1,0,4,CAL,fiber_1_0_0_1,9
105,1,0,5,CAL,fiber_1_0_0_1,9
105,1,0,6,CAL,fiber_1_0_0_1,9
105,1,0,7,CAL,fiber_1_0_0_1,9
105,1,0,8,CAL,fiber_1_0_0_1,9
105,1,0,9,CAL,fiber_1_0_0_1,9
105,1,0,10,CAL,fiber_1_0_0_1,9
105,1,0,11,CAL,fiber_1_0_0_1,9
105,1,0,12,CAL,fiber_1_0_0_1,9
105,1,0,13,CAL,fiber_1_0_0_1,9
105,1,0,14,CAL,fiber_1_0_0_1,9
105,1,0,15,CAL,fiber_1_0_0_1,9
105,1,0,16,CAL,fiber_1_0_0_1,9
105,1,0,17,CAL,fiber_1_0_0_1,9
105,1,0,18,CAL,fiber_1_0_0_1,9
105,1,0,19,CAL,fiber_1_0_0_1,9
106,1,0,0,CAL,fiber_1_0_0_1,9
106,1,0,1,CAL,fiber_1_0_0_1,9
106,1,0,2,CAL,fiber_1_0_0_1,9
106,1,0,3,CAL,fiber_1_0_0_1,9
106,1,0,4,CAL,fiber_1_0_0_1,9
106,1,0,5,CAL,fiber_1_0_0_1,9
106,1,0,6,CAL,fiber_1_0_0_1,9
106,1,0,7,CAL,fiber_1_0_0_1,9
106,1,0,8,CAL,fiber_1_0_0_1,9
106,1,0,9,CAL,fiber_1_0_0_1,9
106,1,0,10,CAL,fiber_1_0_0_1,9
106,1,0,11,CAL,fiber_1_0_0_1,9
106,1,0,12,CAL,fiber_1_0_0_1,9
106,1,0,13,CAL,fiber_1_0_0_1,9
106,1,0,14,CAL,fiber_1_0_0_1,9
106,1,0,15,CAL,fiber_1_0_0_1,9
106,1,0,16,CAL,fiber_1_0_0_1,9
106,1,0,17,CAL,fiber_1_0_0_1,9
106,1,0,18,CAL,fiber_1_0_0_1,9
106,1,0,19,CAL,fiber_1_0_0_1,9
107,1,0,0,CAL,fiber_1_0_0_1,9
107,1,0,1,CAL,fiber_1_0_0_1,9
107,1,0,2,CAL,fiber_1_0_0_1,9
107,1,0,3,CAL,fiber_1_0_0_1,9
107,1,0,4,CAL,fiber_1_0_0_1,9
107,1,0,5,CAL,fiber_1_0_0_1,9
107,1,0,6,CAL,fiber_1_0_0_1,9
107,1,0,7,CAL,fiber_1_0_0_1,9
107,1,0,8,CAL,fiber_1_0_0_1,9
107,1,0,9,CAL,fiber_1_0_0_1,9
107,1,0,10,CAL,fiber_1_0_0_1,9
107,1,0,11,CAL,fiber_1_0_0_1,9
107,1,0,12,CAL,fiber_1_0_0_1,9
107,1,0,13,CAL,fiber_1_0_0_1,9
107,1,0,14,CAL,fiber_1_0_0_1,9
107,1,0,15,CAL,fiber_1_0_0_1,9
107,1,0,16,CAL,fiber_1_0_0_1,9
107,1,0,17,CAL,fiber_1_0_0_1,9
107,1,0,18,CAL,fiber_1_0_0_1,9
107,1,0,19,CAL,fiber_1_0_0_1,9
108,1,0,0,CAL,fiber_1_0_0_1,9
108,1,0,1,CAL,fiber_1_0_0_1,9
108,1,0,2,CAL,fiber_1_0_0_1,9
108,1,0,3,CAL,fiber_1_0_0_1,9
108,1,0,4,CAL,fiber_1_0_0_1,9
108,1,0,5,CAL,fiber_1_0_0_1,9
108,1,0,6,CAL,fiber_1_0_0_1,9
108,1,0,7,CAL,fiber_1_0_0_1,9
108,1,0,8,CAL,fiber_1_0_0_1,9
108,1,0,9,CAL,fiber_1_0_0_1,9
108,1,0,10,CAL,fiber_1_0_0_1,9
108,1,0,11,CAL,fiber_1_0_0_1,9
108,1,0,12,CAL,fiber_1_0_0_1,9
108,1,0,13,CAL,fiber_1_0_0_1,9
108,1,0,14,CAL,fiber_1_0_0_1,9
108,1,0,15,CAL,fiber_1_0_0_1,9
108,1,0,16,CAL,fiber_1_0_0_1,9
108,1,0,17,CAL,fiber_1_0_0_1,9
108,1,0,18,CAL,fiber_1_0_0_1,9
108,1,0,19,CAL,fiber_1_0_0_1,9
109,1,0,0,CAL,fiber_1_0_0_1,9
109,1,0,1,CAL,fiber_1_0_0_1,9
109,1,0,2,CAL,fiber_1_0_0_1,9
109,1,0,3,CAL,fiber_1_0_0_1,9
109,1,0,4,CAL,fiber_1_0_0_1,9
109,1,0,5,CAL,fiber_1_0_0_1,9
109,1,0,6,CAL,fiber_1_0_0_1,9
109,1,0,7,CAL,fiber_1_0_0_1,9
109,1,0,8,CAL,fiber_1_0_0_1,9
109,1,0,9,CAL,fiber_1_0_0_1,9
109,1,0,10,CAL,fiber_1_0_0_1,9
109,1,0,11,CAL,fiber_1_0_0_1,9
109,1,0,12,CAL,fiber_1_0_0_1,9
109,1,0,13,CAL,fiber_1_0_0_1,9
109,1,0,14,CAL,fiber_1_0_0_1,9
109,1,0,15,CAL,fiber_1_0_0_1,9
109,1,0,16,CAL,fiber_1_0_0_1,9
109,1,0,17,CAL,fiber_1_0_0_1,9
109,1,0,18,CAL,fiber_1_0_0_1,9
109,1,0,19,CAL,fiber_1_0_0_1,9
116,1,0,3,CAL,fiber_1_0_0_1,9
116,1,0,4,CAL,fiber_1_0_0_1,9
116,1,0,5,CAL,fiber_1_0_0_1,9
116,1,0,7,CAL,fiber_1_0_0_1,9
116,1,0,8,CAL,fiber_1_0_0_1,9
116,1,0,11,CAL,fiber_1_0_0_1,9
116,1,0,14,CAL,fiber_1_0_0_1,9
116,1,0,17,CAL,fiber_1_0_0_1,9
117,1,0,3,CAL,fiber_1_0_0_1,9
117,1,0,4,CAL,fiber_1_0_0_1,9
117,1,0,5,CAL,fiber_1_0_0_1,9
117,1,0,7,CAL,fiber_1_0_0_1,9
117,1,0,8,CAL,fiber_1_0_0_1,9
117,1,0,11,CAL,fiber_1_0_0_1,9
117,1,0,14,CAL,fiber_1_0_0_1,9
117,1,0,17,CAL,fiber_1_0_0_1,9
80,1,0,0,CAL,fiber_1_0_1_0,10
80,1,0,1,CAL,fiber_1_0_1_0,10
80,1,0,2,CAL,fiber_1_0_1_0,10
80,1,0,3,CAL,fiber_1_0_1_0,10
80,1,0,4,CAL,fiber_1_0_1_0,10
80,1,0,5,CAL,fiber_1_0_1_0,10
80,1,0,6,CAL,fiber_1_0_1_0,10
80,1,0,7,CAL,fiber_1_0_1_0,10
80,1,0,8,CAL,fiber_1_0_1_0,10
80,1,0,9,CAL,fiber_1_0_1_0,10
80,1,0,10,CAL,fiber_1_0_1_0,10
80,1,0,11,CAL,fiber_1_0_1_0,10
80,1,0,12,CAL,fiber_1_0_1_0,10
80,1,0,13,CAL,fiber_1_0_1_0,10
80,1,0,14,CAL,fiber_1_0_1_0,10
80,1,0,15,CAL,fiber_1_0_1_0,10
80,1,0,16,CAL,fiber_1_0_1_0,10
80,1,0,17,CAL,fiber_1_0_1_0,10
80,1,0,18,CAL,fiber_1_0_1_0,10
80,1,0,19,CAL,fiber_1_0_1_0,10
81,1,0,0,CAL,fiber_1_0_1_0,10
81,1,0,1,CAL,fiber_1_0_1_0,10
81,1,0,2,CAL,fiber_1_0_1_0,10
81,1,0,3,CAL,fiber_1_0_1_0,10
81,1,0,4,CAL,fiber_1_0_1_0,10
81,1,0,5,CAL,fiber_1_0_1_0,10
81,1,0,6,CAL,fiber_1_0_1_0,10
81,1,0,7,CAL,fiber_1_0_1_0,10
81,1,0,8,CAL,fiber_1_0_1_0,10
81,1,0,9,CAL,fiber_1_0_1_0,10
81,1,0,10,CAL,fiber_1_0_1_0,10
81,1,0,11,CAL,fiber_1_0_1_0,10
81,1,0,12,CAL,fiber_1_0_1_0,10
81,1,0,13,CAL,fiber_1_0_1_0,10
81,1,0,14,CAL,fiber_1_0_1_0,10
81,1,0,15,CAL,fiber_1_0_1_0,10
81,1,0,16,CAL,fiber_1_0_1_0,10
81,1,0,17,CAL,fiber_1_0_1_0,10
81,1,0,18,CAL,fiber_1_0_1_0,10
81,1,0,19,CAL,fiber_1_0_1_0,10
82,1,0,0,CAL,fiber_1_0_1_0,10
82,1,0,1,CAL,fiber_1_0_1_0,10
82,1,0,2,CAL,fiber_1_0_1_0,10
82,1,0,3,CAL,fiber_1_0_1_0,10
82,1,0,4,CAL,fiber_1_0_1_0,10
82,1,0,5,CAL,fiber_1_0_1_0,10
82,1,0,6,CAL,fiber_1_0_1_0,10
82,1,0,7,CAL,fiber_1_0_1_0,10
82,1,0,8,CAL,fiber_1_0_1_0,10
82,1,0,9,CAL,fiber_1_0_1_0,10
82,1,0,10,CAL,fiber_1_0_1_0,10
82,1,0,11,CAL,fiber_1_0_1_0,10
82,1,0,12,CAL,fiber_1_0_1_0,10
82,1,0,13,CAL,fiber_1_0_1_0,10
82,1,0,14,CAL,fiber_1_0_1_0,10
82,1,0,15,CAL,fiber_1_0_1_0,10
82,1,0,16,CAL,fiber_1_0_1_0,10
82,1,0,17,CAL,fiber_1_0_1_0,10
82,1,0,18,CAL,fiber_1_0_1_0,10
82,1,0,19,CAL,fiber_1_0_1_0,10
83,1,0,0,CAL,fiber_1_0_1_0,10
83,1,0,1,CAL,fiber_1_0_1_0,10
83,1,0,2,CAL,fiber_1_0_1_0,10
83,1,0,3,CAL,fiber_1_0_1_0,10
83,1,0,4,CAL,fiber_1_0_1_0,10
83,1,0,5,CAL,fiber_1_0_1_0,10
83,1,0,6,CAL,fiber_1_0_1_0,10
83,1,0,7,CAL,fiber_1_0_1_0,10
83,1,0,8,CAL,fiber_1_0_1_0,10
83,1,0,9,CAL,fiber_1_0_1_0,10
83,1,0,10,CAL,fiber_1_0_1_0,10
83,1,0,11,CAL,fiber_1_0_1_0,10
83,1,0,12,CAL,fiber_1_0_1_0,10
83,1,0,13,CAL,fiber_1_0_1_0,10
83,1,0,14,CAL,fiber_1_0_1_0,10
83,1,0,15,CAL,fiber_1_0_1_0,10
83,1,0,16,CAL,fiber_1_0_1_0,10
83,1,0,17,CAL,fiber_1_0_1_0,10
83,1,0,18,CAL,fiber_1_0_1_0,10
83,1,0,19,CAL,fiber_1_0_1_0,10
84,1,0,0,CAL,fiber_1_0_1_0,10
84,1,0,1,CAL,fiber_1_0_1_0,10
84,1,0,2,CAL,fiber_1_0_1_0,10
84,1,0,3,CAL,fiber_1_0_1_0,10
84,1,0,4,CAL,fiber_1_0_1_0,10
84,1,0,5,CAL,fiber_1_0_1_0,10
84,1,0,6,CAL,fiber_1_0_1_0,10
84,1,0,7,CAL,fiber_1_0_1_0,10
84,1,0,8,CAL,fiber_1_0_1_0,10
84,1,0,9,CAL,fiber_1_0_1_0,10
84,1,0,10,CAL,fiber_1_0_1_0,10
84,1,0,11,CAL,fiber_1_0_1_0,10
84,1,0,12,CAL,fiber_1_0_1_0,10
84,1,0,13,CAL,fiber_1_0_1_0,10
84,1,0,14,CAL,fiber_1_0_1_0,10
84,1,0,15,CAL,fiber_1_0_1_0,10
84,1,0,16,CAL,fiber_1_0_1_0,10
84,1,0,17,CAL,fiber_1_0_1_0,10
84,1,0,18,CAL,fiber_1_0_1_0,10
84,1,0,19,CAL,fiber_1_0_1_0,10
85,1,0,0,CAL,fiber_1_0_1_0,10
85,1,0,1,CAL,fiber_1_0_1_0,10
85,1,0,2,CAL,fiber_1_0_1_0,10
85,1,0,3,CAL,fiber_1_0_1_0,10
85,1,0,4,CAL,fiber_1_0_1_0,10
85,1,0,5,CAL,fiber_1_0_1_0,10
85,1,0,6,CAL,fiber_1_0_1_0,10
85,1,0,7,CAL,fiber_1_0_1_0,10
85,1,0,8,CAL,fiber_1_0_1_0,10
85,1,0,9,CAL,fiber_1_0_1_0,10
85,1,0,10,CAL,fiber_1_0_1_0,10
85,1,0,11,CAL,fiber_1_0_1_0,10
85,1,0,12,CAL,fiber_1_0_1_0,10
85,1,0,13,CAL,fiber_1_0_1_0,10
85,1,0,14,CAL,fiber_1_0_1_0,10
85,1,0,15,CAL,fiber_1_0_1_0,10
85,1,0,16,CAL,fiber_1_0_1_0,10
85,1,0,17,CAL,fiber_1_0_1_0,10
85,1,0,18,CAL,fiber_1_0_1_0,10
85,1,0,19,CAL,fiber_1_0_1_0,10
86,1,0,1,CAL,fiber_1_0_1_0,10
86,1,0,2,CAL,fiber_1_0_1_0,10
86,1,0,4,CAL,fiber_1_0_1_0,10
86,1,0,5,CAL,fiber_1_0_1_0,10
86,1,0,7,CAL,fiber_1_0_1_0,10
86,1,0,8,CAL,fiber_1_0_1_0,10
86,1,0,9,CAL,fiber_1_0_1_0,10
86,1,0,10,CAL,fiber_1_0_1_0,10
86,1,0,11,CAL,fiber_1_0_1_0,10
86,1,0,12,CAL,fiber_1_0_1_0,10
86,1,0,13,CAL,fiber_1_0_1_0,10
86,1,0,14,CAL,fiber_1_0_1_0,10
86,1,0,15,CAL,fiber_1_0_1_0,10
86,1,0,16,CAL,fiber_1_0_1_0,10
86,1,0,17,CAL,fiber_1_0_1_0,10
86,1,0,18,CAL,fiber_1_0_1_0,10
86,1,0,19,CAL,fiber_1_0_1_0,10
87,1,0,1,CAL,fiber_1_0_1_0,10
87,1,0,2,CAL,fiber_1_0_1_0,10
87,1,0,4,CAL,fiber_1_0_1_0,10
87,1,0,5,CAL,fiber_1_0_1_0,10
87,1,0,7,CAL,fiber_1_0_1_0,10
87,1,0,8,CAL,fiber_1_0_1_0,10
87,1,0,9,CAL,fiber_1_0_1_0,10
87,1,0,10,CAL,fiber_1_0_1_0,10
87,1,0,11,CAL,fiber_1_0_1_0,10
87,1,0,12,CAL,fiber_1_0_1_0,10
87,1,0,13,CAL,fiber_1_0_1_0,10
87,1,0,14,CAL,fiber_1_0_1_0,10
87,1,0,15,CAL,fiber_1_0_1_0,10
87,1,0,16,CAL,fiber_1_0_1_0,10
87,1,0,17,CAL,fiber_1_0_1_0,10
87,1,0,18,CAL,fiber_1_0_1_0,10
87,1,0,19,CAL,fiber_1_0_1_0,10
92,1,0,11,CAL,fiber_1_0_1_0,10
92,1,0,15,CAL,fiber_1_0_1_0,10
92,1,0,19,CAL,fiber_1_0_1_0,10
93,1,0,11,CAL,fiber_1_0_1_0,10
93,1,0,15,CAL,fiber_1_0_1_0,10
93,1,0,19,CAL,fiber_1_0_1_0,10
94,1,0,0,CAL,fiber_1_0_1_0,10
94,1,0,1,CAL,fiber_1_0_1_0,10
94,1,0,2,CAL,fiber_1_0_1_0,10
94,1,0,3,CAL,fiber_1_0_1_0,10
94,1,0,4,CAL,fiber_1_0_1_0,10
94,1,0,5,CAL,fiber_1_0_1_0,10
94,1,0,6,CAL,fiber_1_0_1_0,10
94,1,0,7,CAL,fiber_1_0_1_0,10
94,1,0,8,CAL,fiber_1_0_1_0,10
94,1,0,11,CAL,fiber_1_0_1_0,10
94,1,0,12,CAL,fiber_1_0_1_0,10
94,1,0,13,CAL,fiber_1_0_1_0,10
94,1,0,14,CAL,fiber_1_0_1_0,10
94,1,0,15,CAL,fiber_1_0_1_0,10
94,1,0,16,CAL,fiber_1_0_1_0,10
94,1,0,17,CAL,fiber_1_0_1_0,10
94,1,0,18,CAL,fiber_1_0_1_0,10
94,1,0,19,CAL,fiber_1_0_1_0,10
95,1,0,0,CAL,fiber_1_0_1_0,10
95,1,0,1,CAL,fiber_1_0_1_0,10
95,1,0,2,CAL,fiber_1_0_1_0,10
95,1,0,3,CAL,fiber_1_0_1_0,10
95,1,0,4,CAL,fiber_1_0_1_0,10
95,1,0,5,CAL,fiber_1_0_1_0,10
95,1,0,6,CAL,fiber_1_0_1_0,10
95,1,0,7,CAL,fiber_1_0_1_0,10
95,1,0,8,CAL,fiber_1_0_1_0,10
95,1,0,11,CAL,fiber_1_0_1_0,10
95,1,0,12,CAL,fiber_1_0_1_0,10
95,1,0,13,CAL,fiber_1_0_1_0,10
95,1,0,14,CAL,fiber_1_0_1_0,10
95,1,0,15,CAL,fiber_1_0_1_0,10
95,1,0,16,CAL,fiber_1_0_1_0,10
95,1,0,17,CAL,fiber_1_0_1_0,10
95,1,0,18,CAL,fiber_1_0_1_0,10
95,1,0,19,CAL,fiber_1_0_1_0,10
86,1,0,0,CAL,fiber_1_0_1_1,11
87,1,0,0,CAL,fiber_1_0_1_1,11
96,1,0,7,CAL,fiber_1_0_1_1,11
97,1,0,6,CAL,fiber_1_0_1_1,11
112,1,0,0,CAL,fiber_1_0_1_1,11
112,1,0,1,CAL,fiber_1_0_1_1,11
112,1,0,2,CAL,fiber_1_0_1_1,11
112,1,0,3,CAL,fiber_1_0_1_1,11
112,1,0,4,CAL,fiber_1_0_1_1,11
112,1,0,5,CAL,fiber_1_0_1_1,11
112,1,0,6,CAL,fiber_1_0_1_1,11
112,1,0,7,CAL,fiber_1_0_1_1,11
112,1,0,8,CAL,fiber_1_0_1_1,11
112,1,0,9,CAL,fiber_1_0_1_1,11
112,1,0,10,CAL,fiber_1_0_1_1,11
112,1,0,11,CAL,fiber_1_0_1_1,11
112,1,0,12,CAL,fiber_1_0_1_1,11
112,1,0,13,CAL,fiber_1_0_1_1,11
112,1,0,14,CAL,fiber_1_0_1_1,11
112,1,0,15,CAL,fiber_1_0_1_1,11
112,1,0,16,CAL,fiber_1_0_1_1,11
112,1,0,17,CAL,fiber_1_0_1_1,11
112,1,0,19,CAL,fiber_1_0_1_1,11
113,1,0,0,CAL,fiber_1_0_1_1,11
113,1,0,1,CAL,fiber_1_0_1_1,11
113,1,0,2,CAL,fiber_1_0_1_1,11
113,1,0,3,CAL,fiber_1_0_1_1,11
113,1,0,4,CAL,fiber_1_0_1_1,11
113,1,0,5,CAL,fiber_1_0_1_1,11
113,1,0,6,CAL,fiber_1_0_1_1,11
113,1,0,7,CAL,fiber_1_0_1_1,11
113,1,0,8,CAL,fiber_1_0_1_1,11
113,1,0,9,CAL,fiber_1_0_1_1,11
113,1,0,10,CAL,fiber_1_0_1_1,11
113,1,0,11,CAL,fiber_1_0_1_1,11
113,1,0,12,CAL,fiber_1_0_1_1,11
113,1,0,13,CAL,fiber_1_0_1_1,11
113,1,0,14,CAL,fiber_1_0_1_1,11
113,1,0,15,CAL,fiber_1_0_1_1,11
113,1,0,16,CAL,fiber_1_0_1_1,11
113,1,0,17,CAL,fiber_1_0_1_1,11
113,1,0,19,CAL,fiber_1_0_1_1,11
114,1,0,0,CAL,fiber_1_0_1_1,11
114,1,0,1,CAL,fiber_1_0_1_1,11
114,1,0,2,CAL,fiber_1_0_1_1,11
114,1,0,3,CAL,fiber_1_0_1_1,11
114,1,0,4,CAL,fiber_1_0_1_1,11
114,1,0,5,CAL,fiber_1_0_1_1,11
114,1,0,6,CAL,fiber_1_0_1_1,11
114,1,0,7,CAL,fiber_1_0_1_1,11
114,1,0,8,CAL,fiber_1_0_1_1,11
114,1,0,9,CAL,fiber_1_0_1_1,11
114,1,0,10,CAL,fiber_1_0_1_1,11
114,1,0,11,CAL,fiber_1_0_1_1,11
114,1,0,12,CAL,fiber_1_0_1_1,11
114,1,0,13,CAL,fiber_1_0_1_1,11
114,1,0,14,CAL,fiber_1_0_1_1,11
114,1,0,15,CAL,fiber_1_0_1_1,11
114,1,0,16,CAL,fiber_1_0_1_1,11
114,1,0,17,CAL,fiber_1_0_1_1,11
114,1,0,18,CAL,fiber_1_0_1_1,11
114,1,0,19,CAL,fiber_1_0_1_1,11
115,1,0,0,CAL,fiber_1_0_1_1,11
115,1,0,1,CAL,fiber_1_0_1_1,11
115,1,0,2,CAL,fiber_1_0_1_1,11
115,1,0,3,CAL,fiber_1_0_1_1,11
115,1,0,4,CAL,fiber_1_0_1_1,11
115,1,0,5,CAL,fiber_1_0_1_1,11
115,1,0,6,CAL,fiber_1_0_1_1,11
115,1,0,7,CAL,fiber_1_0_1_1,11
115,1,0,8,CAL,fiber_1_0_1_1,11
115,1,0,9,CAL,fiber_1_0_1_1,11
115,1,0,10,CAL,fiber_1_0_1_1,11
115,1,0,11,CAL,fiber_1_0_1_1,11
115,1,0,12,CAL,fiber_1_0_1_1,11
115,1,0,13,CAL,fiber_1_0_1_1,11
115,1,0,14,CAL,fiber_1_0_1_1,11
115,1,0,15,CAL,fiber_1_0_1_1,11
115,1,0,16,CAL,fiber_1_0_1_1,11
115,1,0,17,CAL,fiber_1_0_1_1,11
115,1,0,18,CAL,fiber_1_0_1_1,11
115,1,0,19,CAL,fiber_1_0_1_1,11
116,1,0,0,CAL,fiber_1_0_1_1,11
116,1,0,1,CAL,fiber_1_0_1_1,11
116,1,0,2,CAL,fiber_1_0_1_1,11
116,1,0,6,CAL,fiber_1_0_1_1,11
116,1,0,9,CAL,fiber_1_0_1_1,11
116,1,0,10,CAL,fiber_1_0_1_1,11
116,1,0,12,CAL,fiber_1_0_1_1,11
116,1,0,13,CAL,fiber_1_0_1_1,11
116,1,0,15,CAL,fiber_1_0_1_1,11
116,1,0,16,CAL,fiber_1_0_1_1,11
116,1,0,18,CAL,fiber_1_0_1_1,11
116,1,0,19,CAL,fiber_1_0_1_1,11
117,1,0,0,CAL,fiber_1_0_1_1,11
117,1,0,1,CAL,fiber_1_0_1_1,11
117,1,0,2,CAL,fiber_1_0_1_1,11
117,1,0,6,CAL,fiber_1_0_1_1,11
117,1,0,9,CAL,fiber_1_0_1_1,11
117,1,0,10,CAL,fiber_1_0_1_1,11
117,1,0,12,CAL,fiber_1_0_1_1,11
117,1,0,13,CAL,fiber_1_0_1_1,11
117,1,0,15,CAL,fiber_1_0_1_1,11
117,1,0,16,CAL,fiber_1_0_1_1,11
117,1,0,18,CAL,fiber_1_0_1_1,11
117,1,0,19,CAL,fiber_1_0_1_1,11
120,1,1,19,CAL,fiber_1_1_0_0,12
121,1,1,19,CAL,fiber_1_1_0_0,12
128,1,1,1,CAL,fiber_1_1_0_0,12
128,1,1,2,CAL,fiber_1_1_0_0,12
128,1,1,3,CAL,fiber_1_1_0_0,12
128,1,1,4,CAL,fiber_1_1_0_0,12
128,1,1,5,CAL,fiber_1_1_0_0,12
128,1,1,6,CAL,fiber_1_1_0_0,12
128,1,1,7,CAL,fiber_1_1_0_0,12
128,1,1,8,CAL,fiber_1_1_0_0,12
128,1,1,9,CAL,fiber_1_1_0_0,12
128,1,1,10,CAL,fiber_1_1_0_0,12
128,1,1,11,CAL,fiber_1_1_0_0,12
128,1,1,12,CAL,fiber_1_1_0_0,12
128,1,1,13,CAL,fiber_1_1_0_0,12
128,1,1,14,CAL,fiber_1_1_0_0,12
128,1,1,15,CAL,fiber_1_1_0_0,12
128,1,1,16,CAL,fiber_1_1_0_0,12
128,1,1,17,CAL,fiber_1_1_0_0,12
129,1,1,1,CAL,fiber_1_1_0_0,12
129,1,1,2,CAL,fiber_1_1_0_0,12
129,1,1,3,CAL,fiber_1_1_0_0,12
129,1,1,4,CAL,fiber_1_1_0_0,12
129,1,1,5,CAL,fiber_1_1_0_0,12
129,1,1,6,CAL,fiber_1_1_0_0,12
129,1,1,7,CAL,fiber_1_1_0_0,12
129,1,1,8,CAL,fiber_1_1_0_0,12
129,1,1,9,CAL,fiber_1_1_0_0,12
129,1,1,10,CAL,fiber_1_1_0_0,12
129,1,1,11,CAL,fiber_1_1_0_0,12
129,1,1,12,CAL,fiber_1_1_0_0,12
129,1,1,13,CAL,fiber_1_1_0_0,12
129,1,1,14,CAL,fiber_1_1_0_0,12
129,1,1,15,CAL,fiber_1_1_0_0,12
129,1,1,16,CAL,fiber_1_1_0_0,12
129,1,1,17,CAL,fiber_1_1_0_0,12
130,1,1,1,CAL,fiber_1_1_0_0,12
130,1,1,2,CAL,fiber_1_1_0_0,12
130,1,1,3,CAL,fiber_1_1_0_0,12
130,1,1,4,CAL,fiber_1_1_0_0,12
130,1,1,5,CAL,fiber_1_1_0_0,12
130,1,1,6,CAL,fiber_1_1_0_0,12
130,1,1,7,CAL,fiber_1_1_0_0,12
130,1,1,8,CAL,fiber_1_1_0_0,12
130,1,1,9,CAL,fiber_1_1_0_0,12
130,1,1,10,CAL,fiber_1_1_0_0,12
130,1,1,11,CAL,fiber_1_1_0_0,12
130,1,1,12,CAL,fiber_1_1_0_0,12
130,1,1,13,CAL,fiber_1_1_0_0,12
130,1,1,14,CAL,fiber_1_1_0_0,12
130,1,1,15,CAL,fiber_1_1_0_0,12
130,1,1,16,CAL,fiber_1_1_0_0,12
130,1,1,17,CAL,fiber_1_1_0_0,12
130,1,1,18,CAL,fiber_1_1_0_0,12
130,1,1,19,CAL,fiber_1_1_0_0,12
131,1,1,1,CAL,fiber_1_1_0_0,12
131,1,1,2,CAL,fiber_1_1_0_0,12
131,1,1,3,CAL,fiber_1_1_0_0,12
131,1,1,4,CAL,fiber_1_1_0_0,12
131,1,1,5,CAL,fiber_1_1_0_0,12
131,1,1,6,CAL,fiber_1_1_0_0,12
131,1,1,7,CAL,fiber_1_1_0_0,12
131,1,1,8,CAL,fiber_1_1_0_0,12
131,1,1,9,CAL,fiber_1_1_0_0,12
131,1,1,10,CAL,fiber_1_1_0_0,12
131,1,1,11,CAL,fiber_1_1_0_0,12
131,1,1,12,CAL,fiber_1_1_0_0,12
131,1,1,13,CAL,fiber_1_1_0_0,12
131,1,1,14,CAL,fiber_1_1_0_0,12
131,1,1,15,CAL,fiber_1_1_0_0,12
131,1,1,16,CAL,fiber_1_1_0_0,12
131,1,1,17,CAL,fiber_1_1_0_0,12
131,1,1,18,CAL,fiber_1_1_0_0,12
131,1,1,19,CAL,fiber_1_1_0_0,12
132,1,1,0,CAL,fiber_1_1_0_0,12
132,1,1,1,CAL,fiber_1_1_0_0,12
132,1,1,2,CAL,fiber_1_1_0_0,12
132,1,1,3,CAL,fiber_1_1_0_0,12
132,1,1,4,CAL,fiber_1_1_0_0,12
132,1,1,5,CAL,fiber_1_1_0_0,12
132,1,1,6,CAL,fiber_1_1_0_0,12
132,1,1,7,CAL,fiber_1_1_0_0,12
132,1,1,8,CAL,fiber_1_1_0_0,12
132,1,1,9,CAL,fiber_1_1_0_0,12
132,1,1,10,CAL,fiber_1_1_0_0,12
132,1,1,11,CAL,fiber_1_1_0_0,12
132,1,1,12,CAL,fiber_1_1_0_0,12
132,1,1,13,CAL,fiber_1_1_0_0,12
132,1,1,14,CAL,fiber_1_1_0_0,12
132,1,1,15,CAL,fiber_1_1_0_0,12
132,1,1,16,CAL,fiber_1_1_0_0,12
132,1,1,17,CAL,fiber_1_1_0_0,12
132,1,1,18,CAL,fiber_1_1_0_0,12
132,1,1,19,CAL,fiber_1_1_0_0,12
133,1,1,0,CAL,fiber_1_1_0_0,12
133,1,1,1,CAL,fiber_1_1_0_0,12
133,1,1,2,CAL,fiber_1_1_0_0,12
133,1,1,3,CAL,fiber_1_1_0_0,12
133,1,1,4,CAL,fiber_1_1_0_0,12
133,1,1,5,CAL,fiber_1_1_0_0,12
133,1,1,6,CAL,fiber_1_1_0_0,12
133,1,1,7,CAL,fiber_1_1_0_0,12
133,1,1,8,CAL,fiber_1_1_0_0,12
133,1,1,9,CAL,fiber_1_1_0_0,12
133,1,1,10,CAL,fiber_1_1_0_0,12
133,1,1,11,CAL,fiber_1_1_0_0,12
133,1,1,12,CAL,fiber_1_1_0_0,12
133,1,1,13,CAL,fiber_1_1_0_0,12
133,1,1,14,CAL,fiber_1_1_0_0,12
133,1,1,15,CAL,fiber_1_1_0_0,12
133,1,1,16,CAL,fiber_1_1_0_0,12
133,1,1,17,CAL,fiber_1_1_0_0,12
133,1,1,18,CAL,fiber_1_1_0_0,12
133,1,1,19,CAL,fiber_1_1_0_0,12
134,1,1,0,CAL,fiber_1_1_0_0,12
134,1,1,3,CAL,fiber_1_1_0_0,12
134,1,1,4,CAL,fiber_1_1_0_0,12
134,1,1,5,CAL,fiber_1_1_0_0,12
134,1,1,6,CAL,fiber_1_1_0_0,12
134,1,1,7,CAL,fiber_1_1_0_0,12
134,1,1,8,CAL,fiber_1_1_0_0,12
134,1,1,9,CAL,fiber_1_1_0_0,12
134,1,1,10,CAL,fiber_1_1_0_0,12
134,1,1,11,CAL,fiber_1_1_0_0,12
134,1,1,13,CAL,fiber_1_1_0_0,12
134,1,1,14,CAL,fiber_1_1_0_0,12
134,1,1,15,CAL,fiber_1_1_0_0,12
134,1,1,16,CAL,fiber_1_1_0_0,12
134,1,1,17,CAL,fiber_1_1_0_0,12
134,1,1,18,CAL,fiber_1_1_0_0,12
134,1,1,19,CAL,fiber_1_1_0_0,12
135,1,1,0,CAL,fiber_1_1_0_0,12
135,1,1,3,CAL,fiber_1_1_0_0,12
135,1,1,4,CAL,fiber_1_1_0_0,12
135,1,1,5,CAL,fiber_1_1_0_0,12
135,1,1,6,CAL,fiber_1_1_0_0,12
135,1,1,7,CAL,fiber_1_1_0_0,12
135,1,1,8,CAL,fiber_1_1_0_0,12
135,1,1,9,CAL,fiber_1_1_0_0,12
135,1,1,10,CAL,fiber_1_1_0_0,12
135,1,1,11,CAL,fiber_1_1_0_0,12
135,1,1,13,CAL,fiber_1_1_0_0,12
135,1,1,14,CAL,fiber_1_1_0_0,12
135,1,1,15,CAL,fiber_1_1_0_0,12
135,1,1,16,CAL,fiber_1_1_0_0,12
135,1,1,17,CAL,fiber_1_1_0_0,12
135,1,1,18,CAL,fiber_1_1_0_0,12
135,1,1,19,CAL,fiber_1_1_0_0,12
138,1,1,0,CAL,fiber_1_1_0_0,12
138,1,1,1,CAL,fiber_1_1_0_0,12
139,1,1,0,CAL,fiber_1_1_0_0,12
139,1,1,1,CAL,fiber_1_1_0_0,12
140,1,1,0,CAL,fiber_1_1_0_0,12
140,1,1,1,CAL,fiber_1_1_0_0,12
140,1,1,2,CAL,fiber_1_1_0_0,12
140,1,1,3,CAL,fiber_1_1_0_0,12
140,1,1,4,CAL,fiber_1_1_0_0,12
140,1,1,5,CAL,fiber_1_1_0_0,12
140,1,1,7,CAL,fiber_1_1_0_0,12
140,1,1,10,CAL,fiber_1_1_0_0,12
140,1,1,13,CAL,fiber_1_1_0_0,12
141,1,1,0,CAL,fiber_1_1_0_0,12
141,1,1,1,CAL,fiber_1_1_0_0,12
141,1,1,2,CAL,fiber_1_1_0_0,12
141,1,1,3,CAL,fiber_1_1_0_0,12
141,1,1,4,CAL,fiber_1_1_0_0,12
141,1,1,5,CAL,fiber_1_1_0_0,12
141,1,1,7,CAL,fiber_1_1_0_0,12
141,1,1,10,CAL,fiber_1_1_0_0,12
141,1,1,13,CAL,fiber_1_1_0_0,12
136,1,1,0,CAL,fiber_1_1_0_1,13
136,1,1,1,CAL,fiber_1_1_0_1,13
136,1,1,2,CAL,fiber_1_1_0_1,13
136,1,1,3,CAL,fiber_1_1_0_1,13
136,1,1,4,CAL,fiber_1_1_0_1,13
136,1,1,5,CAL,fiber_1_1_0_1,13
136,1,1,6,CAL,fiber_1_1_0_1,13
136,1,1,7,CAL,fiber_1_1_0_1,13
136,1,1,8,CAL,fiber_1_1_0_1,13
136,1,1,9,CAL,fiber_1_1_0_1,13
136,1,1,10,CAL,fiber_1_1_0_1,13
136,1,1,11,CAL,fiber_1_1_0_1,13
136,1,1,12,CAL,fiber_1_1_0_1,13
136,1,1,13,CAL,fiber_1_1_0_1,13
136,1,1,14,CAL,fiber_1_1_0_1,13
136,1,1,15,CAL,fiber_1_1_0_1,13
136,1,1,16,CAL,fiber_1_1_0_1,13
136,1,1,17,CAL,fiber_1_1_0_1,13
136,1,1,18,CAL,fiber_1_1_0_1,13
136,1,1,19,CAL,fiber_1_1_0_1,13
137,1,1,0,CAL,fiber_1_1_0_1,13
137,1,1,1,CAL,fiber_1_1_0_1,13
137,1,1,2,CAL,fiber_1_1_0_1,13
137,1,1,3,CAL,fiber_1_1_0_1,13
137,1,1,4,CAL,fiber_1_1_0_1,13
137,1,1,5,CAL,fiber_1_1_0_1,13
137,1,1,6,CAL,fiber_1_1_0_1,13
137,1,1,7,CAL,fiber_1_1_0_1,13
137,1,1,8,CAL,fiber_1_1_0_1,13
137,1,1,9,CAL,fiber_1_1_0_1,13
137,1,1,10,CAL,fiber_1_1_0_1,13
137,1,1,11,CAL,fiber_1_1_0_1,13
137,1,1,12,CAL,fiber_1_1_0_1,13
137,1,1,13,CAL,fiber_1_1_0_1,13
137,1,1,14,CAL,fiber_1_1_0_1,13
137,1,1,15,CAL,fiber_1_1_0_1,13
137,1,1,16,CAL,fiber_1_1_0_1,13
137,1,1,17,CAL,fiber_1_1_0_1,13
137,1,1,18,CAL,fiber_1_1_0_1,13
137,1,1,19,CAL,fiber_1_1_0_1,13
138,1,1,2,CAL,fiber_1_1_0_1,13
138,1,1,3,CAL,fiber_1_1_0_1,13
138,1,1,4,CAL,fiber_1_1_0_1,13
138,1,1,5,CAL,fiber_1_1_0_1,13
138,1,1,6,CAL,fiber_1_1_0_1,13
138,1,1,7,CAL,fiber_1_1_0_1,13
138,1,1,8,CAL,fiber_1_1_0_1,13
138,1,1,9,CAL,fiber_1_1_0_1,13
138,1,1,10,CAL,fiber_1_1_0_1,13
138,1,1,11,CAL,fiber_1_1_0_1,13
138,1,1,12,CAL,fiber_1_1_0_1,13
138,1,1,13,CAL,fiber_1_1_0_1,13
138,1,1,14,CAL,fiber_1_1_0_1,13
138,1,1,15,CAL,fiber_1_1_0_1,13
138,1,1,16,CAL,fiber_1_1_0_1,13
138,1,1,17,CAL,fiber_1_1_0_1,13
138,1,1,18,CAL,fiber_1_1_0_1,13
138,1,1,19,CAL,fiber_1_1_0_1,13
139,1,1,2,CAL,fiber_1_1_0_1,13
139,1,1,3,CAL,fiber_1_1_0_1,13
139,1,1,4,CAL,fiber_1_1_0_1,13
139,1,1,5,CAL,fiber_1_1_0_1,13
139,1,1,6,CAL,fiber_1_1_0_1,13
139,1,1,7,CAL,fiber_1_1_0_1,13
139,1,1,8,CAL,fiber_1_1_0_1,13
139,1,1,9,CAL,fiber_1_1_0_1,13
139,1,1,10,CAL,fiber_1_1_0_1,13
139,1,1,11,CAL,fiber_1_1_0_1,13
139,1,1,12,CAL,fiber_1_1_0_1,13
139,1,1,13,CAL,fiber_1_1_0_1,13
139,1,1,14,CAL,fiber_1_1_0_1,13
139,1,1,15,CAL,fiber_1_1_0_1,13
139,1,1,16,CAL,fiber_1_1_0_1,13
139,1,1,17,CAL,fiber_1_1_0_1,13
139,1,1,18,CAL,fiber_1_1_0_1,13
139,1,1,19,CAL,fiber_1_1_0_1,13
140,1,1,6,CAL,fiber_1_1_0_1,13
140,1,1,8,CAL,fiber_1_1_0_1,13
140,1,1,9,CAL,fiber_1_1_0_1,13
140,1,1,11,CAL,fiber_1_1_0_1,13
140,1,1,12,CAL,fiber_1_1_0_1,13
140,1,1,14,CAL,fiber_1_1_0_1,13
140,1,1,15,CAL,fiber_1_1_0_1,13
140,1,1,16,CAL,fiber_1_1_0_1,13
140,1,1,17,CAL,fiber_1_1_0_1,13
140,1,1,18,CAL,fiber_1_1_0_1,13
140,1,1,19,CAL,fiber_1_1_0_1,13
141,1,1,6,CAL,fiber_1_1_0_1,13
141,1,1,8,CAL,fiber_1_1_0_1,13
141,1,1,9,CAL,fiber_1_1_0_1,13
141,1,1,11,CAL,fiber_1_1_0_1,13
141,1,1,12,CAL,fiber_1_1_0_1,13
141,1,1,14,CAL,fiber_1_1_0_1,13
141,1,1,15,CAL,fiber_1_1_0_1,13
141,1,1,16,CAL,fiber_1_1_0_1,13
141,1,1,17,CAL,fiber_1_1_0_1,13
141,1,1,18,CAL,fiber_1_1_0_1,13
141,1,1,19,CAL,fiber_1_1_0_1,13
146,1,1,1,CAL,fiber_1_1_0_1,13
146,1,1,2,CAL,fiber_1_1_0_1,13
146,1,1,4,CAL,fiber_1_1_0_1,13
146,1,1,5,CAL,fiber_1_1_0_1,13
146,1,1,6,CAL,fiber_1_1_0_1,13
146,1,1,8,CAL,fiber_1_1_0_1,13
146,1,1,9,CAL,fiber_1_1_0_1,13
146,1,1,10,CAL,fiber_1_1_0_1,13
146,1,1,13,CAL,fiber_1_1_0_1,13
146,1,1,14,CAL,fiber_1_1_0_1,13
146,1,1,15,CAL,fiber_1_1_0_1,13
146,1,1,18,CAL,fiber_1_1_0_1,13
146,1,1,19,CAL,fiber_1_1_0_1,13
147,1,1,1,CAL,fiber_1_1_0_1,13
147,1,1,2,CAL,fiber_1_1_0_1,13
147,1,1,4,CAL,fiber_1_1_0_1,13
147,1,1,5,CAL,fiber_1_1_0_1,13
147,1,1,6,CAL,fiber_1_1_0_1,13
147,1,1,8,CAL,fiber_1_1_0_1,13
147,1,1,9,CAL,fiber_1_1_0_1,13
147,1,1,10,CAL,fiber_1_1_0_1,13
147,1,1,13,CAL,fiber_1_1_0_1,13
147,1,1,14,CAL,fiber_1_1_0_1,13
147,1,1,15,CAL,fiber_1_1_0_1,13
147,1,1,18,CAL,fiber_1_1_0_1,13
147,1,1,19,CAL,fiber_1_1_0_1,13
148,1,1,0,CAL,fiber_1_1_0_1,13
148,1,1,1,CAL,fiber_1_1_0_1,13
148,1,1,2,CAL,fiber_1_1_0_1,13
148,1,1,3,CAL,fiber_1_1_0_1,13
148,1,1,4,CAL,fiber_1_1_0_1,13
148,1,1,5,CAL,fiber_1_1_0_1,13
148,1,1,6,CAL,fiber_1_1_0_1,13
148,1,1,7,CAL,fiber_1_1_0_1,13
148,1,1,8,CAL,fiber_1_1_0_1,13
148,1,1,9,CAL,fiber_1_1_0_1,13
148,1,1,10,CAL,fiber_1_1_0_1,13
148,1,1,11,CAL,fiber_1_1_0_1,13
148,1,1,12,CAL,fiber_1_1_0_1,13
148,1,1,13,CAL,fiber_1_1_0_1,13
148,1,1,14,CAL,fiber_1_1_0_1,13
148,1,1,15,CAL,fiber_1_1_0_1,13
148,1,1,16,CAL,fiber_1_1_0_1,13
148,1,1,17,CAL,fiber_1_1_0_1,13
148,1,1,18,CAL,fiber_1_1_0_1,13
148,1,1,19,CAL,fiber_1_1_0_1,13
149,1,1,0,CAL,fiber_1_1_0_1,13
149,1,1,1,CAL,fiber_1_1_0_1,13
149,1,1,2,CAL,fiber_1_1_0_1,13
149,1,1,3,CAL,fiber_1_1_0_1,13
149,1,1,4,CAL,fiber_1_1_0_1,13
149,1,1,5,CAL,fiber_1_1_0_1,13
149,1,1,6,CAL,fiber_1_1_0_1,13
149,1,1,7,CAL,fiber_1_1_0_1,13
149,1,1,8,CAL,fiber_1_1_0_1,13
149,1,1,9,CAL,fiber_1_1_0_1,13
149,1,1,10,CAL,fiber_1_1_0_1,13
149,1,1,11,CAL,fiber_1_1_0_1,13
149,1,1,12,CAL,fiber_1_1_0_1,13
149,1,1,13,CAL,fiber_1_1_0_1,13
149,1,1,14,CAL,fiber_1_1_0_1,13
149,1,1,15,CAL,fiber_1_1_0_1,13
149,1,1,16,CAL,fiber_1_1_0_1,13
149,1,1,17,CAL,fiber_1_1_0_1,13
149,1,1,18,CAL,fiber_1_1_0_1,13
149,1,1,19,CAL,fiber_1_1_0_1,13
120,1,1,0,CAL,fiber_1_1_1_0,14
120,1,1,1,CAL,fiber_1_1_1_0,14
120,1,1,2,CAL,fiber_1_1_1_0,14
120,1,1,3,CAL,fiber_1_1_1_0,14
120,1,1,4,CAL,fiber_1_1_1_0,14
120,1,1,5,CAL,fiber_1_1_1_0,14
120,1,1,6,CAL,fiber_1_1_1_0,14
120,1,1,7,CAL,fiber_1_1_1_0,14
120,1,1,8,CAL,fiber_1_1_1_0,14
120,1,1,9,CAL,fiber_1_1_1_0,14
120,1,1,10,CAL,fiber_1_1_1_0,14
120,1,1,11,CAL,fiber_1_1_1_0,14
120,1,1,12,CAL,fiber_1_1_1_0,14
120,1,1,13,CAL,fiber_1_1_1_0,14
120,1,1,14,CAL,fiber_1_1_1_0,14
120,1,1,15,CAL,fiber_1_1_1_0,14
120,1,1,16,CAL,fiber_1_1_1_0,14
120,1,1,17,CAL,fiber_1_1_1_0,14
120,1,1,18,CAL,fiber_1_1_1_0,14
121,1,1,0,CAL,fiber_1_1_1_0,14
121,1,1,1,CAL,fiber_1_1_1_0,14
121,1,1,2,CAL,fiber_1_1_1_0,14
121,1,1,3,CAL,fiber_1_1_1_0,14
121,1,1,4,CAL,fiber_1_1_1_0,14
121,1,1,5,CAL,fiber_1_1_1_0,14
121,1,1,6,CAL,fiber_1_1_1_0,14
121,1,1,7,CAL,fiber_1_1_1_0,14
121,1,1,8,CAL,fiber_1_1_1_0,14
121,1,1,9,CAL,fiber_1_1_1_0,14
121,1,1,10,CAL,fiber_1_1_1_0,14
121,1,1,11,CAL,fiber_1_1_1_0,14
121,1,1,12,CAL,fiber_1_1_1_0,14
121,1,1,13,CAL,fiber_1_1_1_0,14
121,1,1,14,CAL,fiber_1_1_1_0,14
121,1,1,15,CAL,fiber_1_1_1_0,14
121,1,1,16,CAL,fiber_1_1_1_0,14
121,1,1,17,CAL,fiber_1_1_1_0,14
121,1,1,18,CAL,fiber_1_1_1_0,14
122,1,1,0,CAL,fiber_1_1_1_0,14
122,1,1,1,CAL,fiber_1_1_1_0,14
122,1,1,2,CAL,fiber_1_1_1_0,14
122,1,1,3,CAL,fiber_1_1_1_0,14
122,1,1,4,CAL,fiber_1_1_1_0,14
122,1,1,5,CAL,fiber_1_1_1_0,14
122,1,1,6,CAL,fiber_1_1_1_0,14
122,1,1,7,CAL,fiber_1_1_1_0,14
122,1,1,8,CAL,fiber_1_1_1_0,14
122,1,1,9,CAL,fiber_1_1_1_0,14
122,1,1,10,CAL,fiber_1_1_1_0,14
122,1,1,11,CAL,fiber_1_1_1_0,14
122,1,1,12,CAL,fiber_1_1_1_0,14
122,1,1,13,CAL,fiber_1_1_1_0,14
122,1,1,14,CAL,fiber_1_1_1_0,14
122,1,1,15,CAL,fiber_1_1_1_0,14
122,1,1,16,CAL,fiber_1_1_1_0,14
122,1,1,17,CAL,fiber_1_1_1_0,14
122,1,1,18,CAL,fiber_1_1_1_0,14
122,1,1,19,CAL,fiber_1_1_1_0,14
123,1,1,0,CAL,fiber_1_1_1_0,14
123,1,1,1,CAL,fiber_1_1_1_0,14
123,1,1,2,CAL,fiber_1_1_1_0,14
123,1,1,3,CAL,fiber_1_1_1_0,14
123,1,1,4,CAL,fiber_1_1_1_0,14
123,1,1,5,CAL,fiber_1_1_1_0,14
123,1,1,6,CAL,fiber_1_1_1_0,14
123,1,1,7,CAL,fiber_1_1_1_0,14
123,1,1,8,CAL,fiber_1_1_1_0,14
123,1,1,9,CAL,fiber_1_1_1_0,14
123,1,1,10,CAL,fiber_1_1_1_0,14
123,1,1,11,CAL,fiber_1_1_1_0,14
123,1,1,12,CAL,fiber_1_1_1_0,14
123,1,1,13,CAL,fiber_1_1_1_0,14
123,1,1,14,CAL,fiber_1_1_1_0,14
123,1,1,15,CAL,fiber_1_1_1_0,14
123,1,1,16,CAL,fiber_1_1_1_0,14
123,1,1,17,CAL,fiber_1_1_1_0,14
123,1,1,18,CAL,fiber_1_1_1_0,14
123,1,1,19,CAL,fiber_1_1_1_0,14
124,1,1,0,CAL,fiber_1_1_1_0,14
124,1,1,1,CAL,fiber_1_1_1_0,14
124,1,1,2,CAL,fiber_1_1_1_0,14
124,1,1,3,CAL,fiber_1_1_1_0,14
124,1,1,4,CAL,fiber_1_1_1_0,14
124,1,1,5,CAL,fiber_1_1_1_0,14
124,1,1,6,CAL,fiber_1_1_1_0,14
124,1,1,7,CAL,fiber_1_1_1_0,14
124,1,1,8,CAL,fiber_1_1_1_0,14
124,1,1,9,CAL,fiber_1_1_1_0,14
124,1,1,10,CAL,fiber_1_1_1_0,14
124,1,1,11,CAL,fiber_1_1_1_0,14
124,1,1,12,CAL,fiber_1_1_1_0,14
124,1,1,13,CAL,fiber_1_1_1_0,14
124,1,1,14,CAL,fiber_1_1_1_0,14
124,1,1,15,CAL,fiber_1_1_1_0,14
124,1,1,16,CAL,fiber_1_1_1_0,14
124,1,1,17,CAL,fiber_1_1_1_0,14
124,1,1,18,CAL,fiber_1_1_1_0,14
124,1,1,19,CAL,fiber_1_1_1_0,14
125,1,1,0,CAL,fiber_1_1_1_0,14
125,1,1,1,CAL,fiber_1_1_1_0,14
125,1,1,2,CAL,fiber_1_1_1_0,14
125,1,1,3,CAL,fiber_1_1_1_0,14
125,1,1,4,CAL,fiber_1_1_1_0,14
125,1,1,5,CAL,fiber_1_1_1_0,14
125,1,1,6,CAL,fiber_1_1_1_0,14
125,1,1,7,CAL,fiber_1_1_1_0,14
125,1,1,8,CAL,fiber_1_1_1_0,14
125,1,1,9,CAL,fiber_1_1_1_0,14
125,1,1,10,CAL,fiber_1_1_1_0,14
125,1,1,11,CAL,fiber_1_1_1_0,14
125,1,1,12,CAL,fiber_1_1_1_0,14
125,1,1,13,CAL,fiber_1_1_1_0,14
125,1,1,14,CAL,fiber_1_1_1_0,14
125,1,1,15,CAL,fiber_1_1_1_0,14
125,1,1,16,CAL,fiber_1_1_1_0,14
125,1,1,17,CAL,fiber_1_1_1_0,14
125,1,1,18,CAL,fiber_1_1_1_0,14
125,1,1,19,CAL,fiber_1_1_1_0,14
126,1,1,0,CAL,fiber_1_1_1_0,14
126,1,1,1,CAL,fiber_1_1_1_0,14
126,1,1,2,CAL,fiber_1_1_1_0,14
126,1,1,3,CAL,fiber_1_1_1_0,14
126,1,1,4,CAL,fiber_1_1_1_0,14
126,1,1,5,CAL,fiber_1_1_1_0,14
126,1,1,6,CAL,fiber_1_1_1_0,14
126,1,1,7,CAL,fiber_1_1_1_0,14
126,1,1,8,CAL,fiber_1_1_1_0,14
126,1,1,9,CAL,fiber_1_1_1_0,14
126,1,1,10,CAL,fiber_1_1_1_0,14
126,1,1,11,CAL,fiber_1_1_1_0,14
126,1,1,12,CAL,fiber_1_1_1_0,14
126,1,1,13,CAL,fiber_1_1_1_0,14
126,1,1,14,CAL,fiber_1_1_1_0,14
126,1,1,15,CAL,fiber_1_1_1_0,14
126,1,1,16,CAL,fiber_1_1_1_0,14
126,1,1,17,CAL,fiber_1_1_1_0,14
126,1,1,18,CAL,fiber_1_1_1_0,14
126,1,1,19,CAL,fiber_1_1_1_0,14
127,1,1,0,CAL,fiber_1_1_1_0,14
127,1,1,1,CAL,fiber_1_1_1_0,14
127,1,1,2,CAL,fiber_1_1_1_0,14
127,1,1,3,CAL,fiber_1_1_1_0,14
127,1,1,4,CAL,fiber_1_1_1_0,14
127,1,1,5,CAL,fiber_1_1_1_0,14
127,1,1,6,CAL,fiber_1_1_1_0,14
127,1,1,7,CAL,fiber_1_1_1_0,14
127,1,1,8,CAL,fiber_1_1_1_0,14
127,1,1,9,CAL,fiber_1_1_1_0,14
127,1,1,10,CAL,fiber_1_1_1_0,14
127,1,1,11,CAL,fiber_1_1_1_0,14
127,1,1,12,CAL,fiber_1_1_1_0,14
127,1,1,13,CAL,fiber_1_1_1_0,14
127,1,1,14,CAL,fiber_1_1_1_0,14
127,1,1,15,CAL,fiber_1_1_1_0,14
127,1,1,16,CAL,fiber_1_1_1_0,14
127,1,1,17,CAL,fiber_1_1_1_0,14
127,1,1,18,CAL,fiber_1_1_1_0,14
127,1,1,19,CAL,fiber_1_1_1_0,14
134,1,1,1,CAL,fiber_1_1_1_0,14
134,1,1,2,CAL,fiber_1_1_1_0,14
134,1,1,12,CAL,fiber_1_1_1_0,14
135,1,1,1,CAL,fiber_1_1_1_0,14
135,1,1,2,CAL,fiber_1_1_1_0,14
135,1,1,12,CAL,fiber_1_1_1_0,14
144,1,1,1,CAL,fiber_1_1_1_1,15
144,1,1,2,CAL,fiber_1_1_1_1,15
144,1,1,3,CAL,fiber_1_1_1_1,15
144,1,1,4,CAL,fiber_1_1_1_1,15
144,1,1,5,CAL,fiber_1_1_1_1,15
144,1,1,6,CAL,fiber_1_1_1_1,15
144,1,1,7,CAL,fiber_1_1_1_1,15
144,1,1,8,CAL,fiber_1_1_1_1,15
144,1,1,9,CAL,fiber_1_1_1_1,15
144,1,1,10,CAL,fiber_1_1_1_1,15
144,1,1,11,CAL,fiber_1_1_1_1,15
144,1,1,12,CAL,fiber_1_1_1_1,15
144,1,1,13,CAL,fiber_1_1_1_1,15
144,1,1,14,CAL,fiber_1_1_1_1,15
144,1,1,15,CAL,fiber_1_1_1_1,15
144,1,1,16,CAL,fiber_1_1_1_1,15
144,1,1,17,CAL,fiber_1_1_1_1,15
144,1,1,18,CAL,fiber_1_1_1_1,15
144,1,1,19,CAL,fiber_1_1_1_1,15
145,1,1,1,CAL,fiber_1_1_1_1,15
145,1,1,2,CAL,fiber_1_1_1_1,15
145,1,1,3,CAL,fiber_1_1_1_1,15
145,1,1,4,CAL,fiber_1_1_1_1,15
145,1,1,5,CAL,fiber_1_1_1_1,15
145,1,1,6,CAL,fiber_1_1_1_1,15
145,1,1,7,CAL,fiber_1_1_1_1,15
145,1,1,8,CAL,fiber_1_1_1_1,15
145,1,1,9,CAL,fiber_1_1_1_1,15
145,1,1,10,CAL,fiber_1_1_1_1,15
145,1,1,11,CAL,fiber_1_1_1_1,15
145,1,1,12,CAL,fiber_1_1_1_1,15
145,1,1,13,CAL,fiber_1_1_1_1,15
145,1,1,14,CAL,fiber_1_1_1_1,15
145,1,1,15,CAL,fiber_1_1_1_1,15
145,1,1,16,CAL,fiber_1_1_1_1,15
145,1,1,17,CAL,fiber_1_1_1_1,15
145,1,1,18,CAL,fiber_1_1_1_1,15
145,1,1,19,CAL,fiber_1_1_1_1,15
146,1,1,0,CAL,fiber_1_1_1_1,15
146,1,1,3,CAL,fiber_1_1_1_1,15
146,1,1,7,CAL,fiber_1_1_1_1,15
146,1,1,11,CAL,fiber_1_1_1_1,15
146,1,1,12,CAL,fiber_1_1_1_1,15
146,1,1,16,CAL,fiber_1_1_1_1,15
146,1,1,17,CAL,fiber_1_1_1_1,15
147,1,1,0,CAL,fiber_1_1_1_1,15
147,1,1,3,CAL,fiber_1_1_1_1,15
147,1,1,7,CAL,fiber_1_1_1_1,15
147,1,1,11,CAL,fiber_1_1_1_1,15
147,1,1,12,CAL,fiber_1_1_1_1,15
147,1,1,16,CAL,fiber_1_1_1_1,15
147,1,1,17,CAL,fiber_1_1_1_1,15
152,1,1,0,CAL,fiber_1_1_1_1,15
152,1,1,1,CAL,fiber_1_1_1_1,15
152,1,1,2,CAL,fiber_1_1_1_1,15
152,1,1,3,CAL,fiber_1_1_1_1,15
152,1,1,4,CAL,fiber_1_1_1_1,15
152,1,1,5,CAL,fiber_1_1_1_1,15
152,1,1,6,CAL,fiber_1_1_1_1,15
152,1,1,7,CAL,fiber_1_1_1_1,15
152,1,1,8,CAL,fiber_1_1_1_1,15
152,1,1,9,CAL,fiber_1_1_1_1,15
152,1,1,10,CAL,fiber_1_1_1_1,15
152,1,1,11,CAL,fiber_1_1_1_1,15
152,1,1,12,CAL,fiber_1_1_1_1,15
152,1,1,13,CAL,fiber_1_1_1_1,15
152,1,1,14,CAL,fiber_1_1_1_1,15
152,1,1,15,CAL,fiber_1_1_1_1,15
152,1,1,16,CAL,fiber_1_1_1_1,15
152,1,1,17,CAL,fiber_1_1_1_1,15
152,1,1,18,CAL,fiber_1_1_1_1,15
152,1,1,19,CAL,fiber_1_1_1_1,15
153,1,1,0,CAL,fiber_1_1_1_1,15
153,1,1,1,CAL,fiber_1_1_1_1,15
153,1,1,2,CAL,fiber_1_1_1_1,15
153,1,1,3,CAL,fiber_1_1_1_1,15
153,1,1,4,CAL,fiber_1_1_1_1,15
153,1,1,5,CAL,fiber_1_1_1_1,15
153,1,1,6,CAL,fiber_1_1_1_1,15
153,1,1,7,CAL,fiber_1_1_1_1,15
153,1,1,8,CAL,fiber_1_1_1_1,15
153,1,1,9,CAL,fiber_1_1_1_1,15
153,1,1,10,CAL,fiber_1_1_1_1,15
153,1,1,11,CAL,fiber_1_1_1_1,15
153,1,1,12,CAL,fiber_1_1_1_1,15
153,1,1,13,CAL,fiber_1_1_1_1,15
153,1,1,14,CAL,fiber_1_1_1_1,15
153,1,1,15,CAL,fiber_1_1_1_1,15
153,1,1,16,CAL,fiber_1_1_1_1,15
153,1,1,17,CAL,fiber_1_1_1_1,15
153,1,1,18,CAL,fiber_1_1_1_1,15
153,1,1,19,CAL,fiber_1_1_1_1,15
154,1,1,1,CAL,fiber_1_1_1_1,15
154,1,1,2,CAL,fiber_1_1_1_1,15
154,1,1,3,CAL,fiber_1_1_1_1,15
154,1,1,4,CAL,fiber_1_1_1_1,15
154,1,1,5,CAL,fiber_1_1_1_1,15
154,1,1,6,CAL,fiber_1_1_1_1,15
154,1,1,7,CAL,fiber_1_1_1_1,15
154,1,1,8,CAL,fiber_1_1_1_1,15
154,1,1,9,CAL,fiber_1_1_1_1,15
154,1,1,10,CAL,fiber_1_1_1_1,15
154,1,1,11,CAL,fiber_1_1_1_1,15
154,1,1,12,CAL,fiber_1_1_1_1,15
154,1,1,13,CAL,fiber_1_1_1_1,15
154,1,1,14,CAL,fiber_1_1_1_1,15
154,1,1,15,CAL,fiber_1_1_1_1,15
154,1,1,16,CAL,fiber_1_1_1_1,15
154,1,1,17,CAL,fiber_1_1_1_1,15
154,1,1,18,CAL,fiber_1_1_1_1,15
154,1,1,19,CAL,fiber_1_1_1_1,15
155,1,1,1,CAL,fiber_1_1_1_1,15
155,1,1,2,CAL,fiber_1_1_1_1,15
155,1,1,3,CAL,fiber_1_1_1_1,15
155,1,1,4,CAL,fiber_1_1_1_1,15
155,1,1,5,CAL,fiber_1_1_1_1,15
155,1,1,6,CAL,fiber_1_1_1_1,15
155,1,1,7,CAL,fiber_1_1_1_1,15
155,1,1,8,CAL,fiber_1_1_1_1,15
155,1,1,9,CAL,fiber_1_1_1_1,15
155,1,1,10,CAL,fiber_1_1_1_1,15
155,1,1,11,CAL,fiber_1_1_1_1,15
155,1,1,12,CAL,fiber_1_1_1_1,15
155,1,1,13,CAL,fiber_1_1_1_1,15
155,1,1,14,CAL,fiber_1_1_1_1,15
155,1,1,15,CAL,fiber_1_1_1_1,15
155,1,1,16,CAL,fiber_1_1_1_1,15
155,1,1,17,CAL,fiber_1_1_1_1,15
155,1,1,18,CAL,fiber_1_1_1_1,15
155,1,1,19,CAL,fiber_1_1_1_1,15
156,1,1,0,CAL,fiber_1_1_1_1,15
156,1,1,1,CAL,fiber_1_1_1_1,15
156,1,1,2,CAL,fiber_1_1_1_1,15
156,1,1,3,CAL,fiber_1_1_1_1,15
156,1,1,4,CAL,fiber_1_1_1_1,15
156,1,1,5,CAL,fiber_1_1_1_1,15
156,1,1,6,CAL,fiber_1_1_1_1,15
156,1,1,7,CAL,fiber_1_1_1_1,15
156,1,1,8,CAL,fiber_1_1_1_1,15
156,1,1,9,CAL,fiber_1_1_1_1,15
156,1,1,10,CAL,fiber_1_1_1_1,15
156,1,1,11,CAL,fiber_1_1_1_1,15
156,1,1,12,CAL,fiber_1_1_1_1,15
156,1,1,13,CAL,fiber_1_1_1_1,15
156,1,1,14,CAL,fiber_1_1_1_1,15
156,1,1,15,CAL,fiber_1_1_1_1,15
156,1,1,16,CAL,fiber_1_1_1_1,15
156,1,1,17,CAL,fiber_1_1_1_1,15
156,1,1,18,CAL,fiber_1_1_1_1,15
156,1,1,19,CAL,fiber_1_1_1_1,15
157,1,1,0,CAL,fiber_1_1_1_1,15
157,1,1,1,CAL,fiber_1_1_1_1,15
157,1,1,2,CAL,fiber_1_1_1_1,15
157,1,1,3,CAL,fiber_1_1_1_1,15
157,1,1,4,CAL,fiber_1_1_1_1,15
157,1,1,5,CAL,fiber_1_1_1_1,15
157,1,1,6,CAL,fiber_1_1_1_1,15
157,1,1,7,CAL,fiber_1_1_1_1,15
157,1,1,8,CAL,fiber_1_1_1_1,15
157,1,1,9,CAL,fiber_1_1_1_1,15
157,1,1,10,CAL,fiber_1_1_1_1,15
157,1,1,11,CAL,fiber_1_1_1_1,15
157,1,1,12,CAL,fiber_1_1_1_1,15
157,1,1,13,CAL,fiber_1_1_1_1,15
157,1,1,14,CAL,fiber_1_1_1_1,15
157,1,1,15,CAL,fiber_1_1_1_1,15
157,1,1,16,CAL,fiber_1_1_1_1,15
157,1,1,17,CAL,fiber_1_1_1_1,15
157,1,1,18,CAL,fiber_1_1_1_1,15
157,1,1,19,CAL,fiber_1_1_1_1,15
74,0,1,0,CAL,,
74,0,1,19,CAL,,
75,0,1,0,CAL,,
75,0,1,19,CAL,,
86,1,0,3,CAL,,
86,1,0,6,CAL,,
87,1,0,3,CAL,,
87,1,0,6,CAL,,
112,1,0,18,CAL,,
113,1,0,18,CAL,,
128,1,1,18,CAL,,
129,1,1,18,CAL,,
144,1,1,0,CAL,,
145,1,1,0,CAL,,
154,1,1,0,CAL,,
155,1,1,0,CAL,,
0,0,0,15,CAPHRI,,
1,0,0,15,CAPHRI,,
24,0,0,18,CAPHRI,,
25,0,0,18,CAPHRI,,
40,0,1,3,CAPHRI,,
41,0,1,3,CAPHRI,,
64,0,1,1,CAPHRI,,
65,0,1,1,CAPHRI,,
8,0,0,18,EMPTY,,
9,0,0,18,EMPTY,,
48,0,1,19,EMPTY,,
49,0,1,19,EMPTY,,
88,1,0,18,EMPTY,,
89,1,0,18,EMPTY,,
128,1,1,19,EMPTY,,
129,1,1,19,EMPTY,,
160,2,0,4,EMPTY,,
160,2,0,5,EMPTY,,
160,2,0,6,EMPTY,,
160,2,0,7,EMPTY,,
160,2,0,8,EMPTY,,
160,2,0,9,EMPTY,,
160,2,0,10,EMPTY,,
160,2,0,11,EMPTY,,
160,2,0,12,EMPTY,,
160,2,0,13,EMPTY,,
160,2,0,14,EMPTY,,
160,2,0,15,EMPTY,,
160,2,0,16,EMPTY,,
160,2,0,17,EMPTY,,
160,2,0,18,EMPTY,,
160,2,0,19,EMPTY,,
9,0,0,19,PIN-DIODE,fiber_0_0_0_0,0
10,0,0,19,PIN-DIODE,fiber_0_0_0_0,0
8,0,0,19,PIN-DIODE,fiber_0_0_1_1,3
11,0,0,19,PIN-DIODE,fiber_0_0_1_1,3
48,0,1,0,PIN-DIODE,fiber_0_1_0_0,4
51,0,1,0,PIN-DIODE,fiber_0_1_0_0,4
49,0,1,0,PIN-DIODE,fiber_0_1_1_0,6
50,0,1,0,PIN-DIODE,fiber_0_1_1_0,6
89,1,0,19,PIN-DIODE,fiber_1_0_0_1,9
90,1,0,19,PIN-DIODE,fiber_1_0_0_1,9
88,1,0,19,PIN-DIODE,fiber_1_0_1_1,11
91,1,0,19,PIN-DIODE,fiber_1_0_1_1,11
128,1,1,0,PIN-DIODE,fiber_1_1_0_1,13
129,1,1,0,PIN-DIODE,fiber_1_1_0_1,13
130,1,1,0,PIN-DIODE,fiber_1_1_1_0,14
131,1,1,0,PIN-DIODE,fiber_1_1_1_0,14
160,2,0,0,PIN-DIODE,,
160,2,0,1,PIN-DIODE,,
160,2,0,2,PIN-DIODE,,
160,2,0,3,PIN-DIODE,,
